name,id,type,2024-07-01,2024-07-02,2024-07-03,2024-07-04,2024-07-05,2024-07-08,2024-07-09,2024-07-10,2024-07-11,2024-07-12,2024-07-15,2024-07-16,2024-07-17,2024-07-18,2024-07-19,2024-07-22,2024-07-23,2024-07-24,2024-07-25,2024-07-26,2024-07-29,2024-07-30,2024-07-31,2024-08-01,2024-08-02,2024-08-05,2024-08-06,2024-08-07,2024-08-08,2024-08-09,2024-08-12,2024-08-13,2024-08-14,2024-08-15,2024-08-16,2024-08-19,2024-08-20,2024-08-21,2024-08-22,2024-08-23,2024-08-26,2024-08-27,2024-08-28,2024-08-29,2024-08-30,2024-09-02,2024-09-03,2024-09-04,2024-09-05,2024-09-06,2024-09-09,2024-09-10,2024-09-11,2024-09-12,2024-09-13,2024-09-18,2024-09-19,2024-09-20,2024-09-23,2024-09-24,2024-09-25,2024-09-26,2024-09-27,2024-09-30,2024-10-08,2024-10-09,2024-10-10,2024-10-11,2024-10-14,2024-10-15,2024-10-16,2024-10-17,2024-10-18,2024-10-21,2024-10-22,2024-10-23,2024-10-24,2024-10-25,2024-10-28,2024-10-29,2024-10-30,2024-10-31,2024-11-01,2024-11-04,2024-11-05,2024-11-06,2024-11-07,2024-11-08,2024-11-11,2024-11-12,2024-11-13,2024-11-14,2024-11-15,2024-11-18,2024-11-19,2024-11-20,2024-11-21,2024-11-22,2024-11-25,2024-11-26,2024-11-27,2024-11-28,2024-11-29,2024-12-02,2024-12-03,2024-12-04,2024-12-05,2024-12-06,2024-12-09,2024-12-10,2024-12-11,2024-12-12,2024-12-13,2024-12-16,2024-12-17,2024-12-18,2024-12-19,2024-12-20,2024-12-23,2024-12-24,2024-12-25,2024-12-26,2024-12-27,2024-12-30,2024-12-31,2025-01-02,2025-01-03,2025-01-06,2025-01-07,2025-01-08,2025-01-09,2025-01-10,2025-01-13,2025-01-14,2025-01-15,2025-01-16,2025-01-17,2025-01-20,2025-01-21,2025-01-22,2025-01-23,2025-01-24,2025-01-27,2025-02-05,2025-02-06,2025-02-07,2025-02-10,2025-02-11,2025-02-12,2025-02-13,2025-02-14,2025-02-17,2025-02-18,2025-02-19,2025-02-20,2025-02-21,2025-02-24,2025-02-25,2025-02-26,2025-02-27,2025-02-28,2025-03-03,2025-03-04,2025-03-05,2025-03-06,2025-03-07,2025-03-10,2025-03-11,2025-03-12,2025-03-13,2025-03-14,2025-03-17,2025-03-18,2025-03-19,2025-03-20,2025-03-21,2025-03-24,2025-03-25,2025-03-26,2025-03-27,2025-03-28,2025-03-31,2025-04-01,2025-04-02,2025-04-03,2025-04-07,2025-04-08,2025-04-09,2025-04-10,2025-04-11,2025-04-14,2025-04-15,2025-04-16,2025-04-17,2025-04-18,2025-04-21,2025-04-22,2025-04-23,2025-04-24,2025-04-25,2025-04-28,2025-04-29,2025-04-30,2025-05-06,2025-05-07,2025-05-08,2025-05-09,2025-05-12,2025-05-13,2025-05-14,2025-05-15,2025-05-16,2025-05-19,2025-05-20,2025-05-21,2025-05-22,2025-05-23,2025-05-26,2025-05-27,2025-05-28,2025-05-29,2025-05-30,2025-06-03,2025-06-04,2025-06-05,2025-06-06,2025-06-09,2025-06-10,2025-06-11,2025-06-12,2025-06-13,2025-06-16,2025-06-17,2025-06-18,2025-06-19,2025-06-20,2025-06-23,2025-06-24,2025-06-25,2025-06-26,2025-06-27,2025-06-30,2025-07-01,2025-07-02,2025-07-03,2025-07-04,2025-07-07,2025-07-08,2025-07-09,2025-07-10,2025-07-11,2025-07-14,2025-07-15,2025-07-16,2025-07-17,2025-07-18,2025-07-21,2025-07-22,2025-07-23,2025-07-24,2025-07-25,2025-07-28,2025-07-29,2025-07-30,2025-07-31,2025-08-01,2025-08-04,2025-08-05,2025-08-06,2025-08-07,2025-08-08
招商双债增强债券(LOF)C,161716,fund,1.6969,1.6974,1.6980,1.6982,1.6976,1.6969,1.6975,1.6976,1.6980,1.6984,1.6990,1.6993,1.6995,1.6995,1.6997,1.7008,1.7015,1.7017,1.7024,1.7030,1.7039,1.7044,1.7047,1.7054,1.7060,1.7066,1.7062,1.7066,1.7056,1.7048,1.7025,1.7032,1.7045,1.7040,1.7041,1.7046,1.7045,1.7040,1.7041,1.7038,1.7032,1.7017,1.7023,1.7025,1.7027,1.7038,1.7042,1.7048,1.7052,1.7053,1.7058,1.7061,1.7065,1.7068,1.7075,1.7087,1.7088,1.7088,1.7091,1.7085,1.7098,1.7090,1.7051,1.7015,1.6993,1.6975,1.7007,1.7031,1.7058,1.7068,1.7068,1.7077,1.7075,1.7075,1.7063,1.7050,1.7050,1.7047,1.7041,1.7041,1.7042,1.7049,1.7061,1.7066,1.7071,1.7073,1.7083,1.7088,1.7097,1.7106,1.7104,1.7105,1.7105,1.7101,1.7106,1.7105,1.7113,1.7118,1.7128,1.7134,1.7137,1.7149,1.7163,1.7194,1.7195,1.7213,1.7218,1.7217,1.7232,1.7270,1.7276,1.7279,1.7304,1.7331,1.7325,1.7310,1.7310,1.7333,1.7338,1.7326,1.7316,1.7325,1.7345,1.7347,1.7369,1.7403,1.7412,1.7420,1.7410,1.7408,1.7394,1.7394,1.7380,1.7390,1.7395,1.7385,1.7379,1.7372,1.7383,1.7386,1.7381,1.7381,1.7399,1.7413,1.7426,1.7429,1.7418,1.7420,1.7420,1.7419,1.7409,1.7393,1.7381,1.7385,1.7370,1.7349,1.7326,1.7327,1.7329,1.7316,1.7323,1.7335,1.7334,1.7337,1.7323,1.7293,1.7283,1.7254,1.7267,1.7271,1.7278,1.7263,1.7267,1.7274,1.7292,1.7297,1.7303,1.7313,1.7320,1.7322,1.7323,1.7328,1.7332,1.7342,1.7370,1.7404,1.7394,1.7393,1.7391,1.7393,1.7395,1.7395,1.7398,1.7396,1.7396,1.7393,1.7395,1.7389,1.7387,1.7387,1.7391,1.7399,1.7405,1.7409,1.7409,1.7421,1.7429,1.7419,1.7426,1.7428,1.7428,1.7425,1.7432,1.7434,1.7436,1.7439,1.7440,1.7444,1.7442,1.7438,1.7430,1.7437,1.7439,1.7440,1.7441,1.7449,1.7454,1.7455,1.7458,1.7459,1.7460,1.7464,1.7471,1.7474,1.7478,1.7482,1.7485,1.7482,1.7476,1.7476,1.7479,1.7478,1.7484,1.7496,1.7500,1.7505,1.7509,1.7506,1.7505,1.7498,1.7496,1.7491,1.7502,1.7504,1.7507,1.7508,1.7502,1.7494,1.7483,1.7462,1.7457,1.7471,1.7455,1.7465,1.7478,1.7483,1.7485,1.7487,1.7489,1.7492,1.7494
广发纳斯达克100ETF联接人民币(QDII)A,270042,fund,6.2536,6.3142,6.3675,6.3670,6.4269,6.4393,6.4458,6.5130,6.3746,6.4049,6.4203,6.4237,6.2455,6.2155,6.1621,6.2518,6.2294,6.0132,5.9496,6.0030,6.0173,5.9408,6.1099,5.9671,5.8364,5.6675,5.7199,5.6647,5.8359,5.8651,5.8751,6.0141,6.0137,6.1511,6.1624,6.2355,6.2150,6.2441,6.1405,6.2169,6.1421,6.1687,6.1010,6.0973,6.1566,6.1490,5.9746,5.9660,5.9589,5.8060,5.8793,5.9385,6.0611,6.1183,6.1312,6.0704,6.2241,6.1842,6.1922,6.2184,6.2037,6.2566,6.2063,6.2190,6.2812,6.3164,6.3219,6.3284,6.3753,6.3034,6.3349,6.3418,6.3838,6.3729,6.3987,6.3079,6.3587,6.3781,6.3939,6.4489,6.4108,6.2556,6.2881,6.2726,6.3341,6.4908,6.6364,6.6227,6.6473,6.6494,6.6438,6.6005,6.4557,6.4902,6.5320,6.5278,6.5499,6.5573,6.5637,6.5967,6.5516,6.5441,6.5959,6.6621,6.6895,6.7609,6.7379,6.7897,6.7432,6.7267,6.8353,6.7926,6.8375,6.9255,6.8996,6.6714,6.6455,6.6949,6.7549,6.8394,6.8372,6.8314,6.7442,6.6634,6.6079,6.5933,6.6937,6.7632,6.6493,6.6511,6.6493,6.5475,6.5264,6.5162,6.6615,6.6176,6.7219,6.7205,6.7418,6.8239,6.8379,6.8004,6.6099,6.7513,6.7815,6.6975,6.7747,6.7576,6.7637,6.8564,6.8800,6.8790,6.8910,6.8979,6.8692,6.7337,6.6602,6.5812,6.5943,6.4233,6.5211,6.3861,6.3645,6.4432,6.2744,6.3181,6.0941,6.0784,6.1407,6.0324,6.1756,6.2036,6.1081,6.1805,6.1669,6.1901,6.3153,6.3477,6.2355,6.2014,6.0487,6.0488,6.0934,6.1369,5.8344,5.5243,5.4277,6.0343,5.7981,5.8970,5.9298,5.9383,5.7721,5.7675,5.7658,5.6320,5.7669,5.8916,6.0438,6.1064,6.1031,6.1368,6.1425,6.2048,6.2278,6.2913,6.2915,6.5293,6.6222,6.6562,6.6617,6.6889,6.6926,6.6713,6.5871,6.5937,6.5367,6.5293,6.6774,6.6507,6.6642,6.6535,6.7509,6.7696,6.7141,6.7751,6.7892,6.8294,6.8021,6.8178,6.7336,6.8245,6.7563,6.7576,6.7549,6.7321,6.7926,6.8781,6.8933,6.9491,6.9724,7.0107,6.9475,6.9962,7.0596,7.0605,7.0042,7.0117,7.0592,7.0465,7.0294,7.0511,7.0597,7.0678,7.1104,7.1090,7.1443,7.1056,7.1300,7.1442,7.1614,7.1894,7.1801,7.1844,7.1521,7.0190,7.1315,7.0796,7.1680,7.1840,
大成纳斯达克100ETF联接(QDII),000834,fund,4.6874,4.7349,4.7751,4.7744,4.8214,4.8312,4.8357,4.8853,4.7816,4.8042,4.8160,4.8193,4.6830,4.6589,4.6184,4.6879,4.6716,4.5060,4.4572,4.4987,4.5092,4.4495,4.5816,4.4693,4.3657,4.2369,4.2803,4.2365,4.3660,4.3879,4.3947,4.5025,4.5026,4.6090,4.6173,4.6731,4.6575,4.6802,4.6000,4.6580,4.6001,4.6202,4.5656,4.5638,4.6114,4.6063,4.4687,4.4612,4.4553,4.3354,4.3934,4.4394,4.5354,4.5790,4.5900,4.5419,4.6622,4.6326,4.6394,4.6587,4.6483,4.6894,4.6504,4.6592,4.7033,4.7309,4.7333,4.7387,4.7756,4.7182,4.7417,4.7471,4.7794,4.7705,4.7895,4.7180,4.7579,4.7736,4.7859,4.8302,4.7992,4.6755,4.7010,4.6889,4.7379,4.8646,4.9809,4.9701,4.9894,4.9900,4.9855,4.9511,4.8354,4.8628,4.8941,4.8906,4.9093,4.9160,4.9221,4.9482,4.9115,4.9057,4.9475,5.0006,5.0232,5.0799,5.0610,5.1043,5.0651,5.0499,5.1369,5.1041,5.1426,5.2145,5.1931,5.0102,4.9874,5.0276,5.0801,5.1462,5.1458,5.1413,5.0723,5.0051,4.9549,4.9449,5.0260,5.0788,4.9915,4.9936,4.9933,4.9193,4.9051,4.8985,5.0047,4.9721,5.0492,5.0489,5.0637,5.1243,5.1316,5.1015,4.9499,5.0659,5.0879,5.0192,5.0805,5.0667,5.0723,5.1434,5.1620,5.1616,5.1715,5.1751,5.1513,5.0456,4.9862,4.9257,4.9360,4.8038,4.8789,4.7739,4.7571,4.8185,4.6859,4.7206,4.5455,4.5336,4.5818,4.4992,4.6076,4.6299,4.5587,4.6127,4.6020,4.6175,4.7068,4.7304,4.6458,4.6182,4.4965,4.4960,4.5314,4.5677,4.3314,4.0700,3.9990,4.4414,4.2803,4.3525,4.3779,4.3836,4.2598,4.2573,4.2563,4.1556,4.2586,4.3526,4.4668,4.5128,4.5101,4.5363,4.5410,4.5894,4.6070,4.6539,4.6538,4.8347,4.9045,4.9298,4.9338,4.9549,4.9580,4.9412,4.8766,4.8812,4.8372,4.8323,4.9457,4.9252,4.9351,4.9265,5.0015,5.0169,4.9753,5.0211,5.0304,5.0617,5.0420,5.0528,4.9868,5.0563,5.0047,5.0052,5.0030,4.9797,5.0325,5.1052,5.1167,5.1616,5.1814,5.2117,5.1633,5.2003,5.2495,5.2503,5.2072,5.2124,5.2489,5.2386,5.2249,5.2427,5.2491,5.2558,5.2903,5.2889,5.3166,5.2860,5.3046,5.3162,5.3297,5.3510,5.3434,5.3466,5.3218,5.2173,5.3071,5.2663,5.3364,5.3491,
招商量化精选股票A,001917,fund,2.2179,2.2010,2.1743,2.1378,2.1558,2.1103,2.1631,2.1573,2.2193,2.2229,2.2006,2.1987,2.1676,2.1693,2.1609,2.1511,2.1027,2.0678,2.0739,2.1184,2.1047,2.1041,2.1804,2.1754,2.1454,2.0924,2.1204,2.1185,2.1212,2.1107,2.1068,2.1175,2.0961,2.1092,2.0985,2.0982,2.0632,2.0584,2.0367,2.0313,2.0513,2.0238,2.0310,2.0645,2.0892,2.0717,2.0914,2.0772,2.0844,2.0532,2.0388,2.0480,2.0469,2.0425,2.0181,2.0255,2.0623,2.0548,2.0514,2.1199,2.1328,2.2001,2.2873,2.4859,2.6336,2.4430,2.4611,2.3898,2.4422,2.3957,2.3954,2.3783,2.4397,2.4547,2.4785,2.4873,2.4752,2.5126,2.5516,2.5073,2.5090,2.5236,2.4837,2.5276,2.5703,2.5767,2.6224,2.6156,2.6610,2.6413,2.6534,2.5899,2.5507,2.5098,2.5643,2.5940,2.6003,2.5140,2.5435,2.5288,2.5638,2.5597,2.5953,2.6391,2.6406,2.6069,2.6276,2.6572,2.6644,2.6734,2.7019,2.7255,2.6892,2.6746,2.6175,2.6297,2.6537,2.6648,2.6033,2.6384,2.6097,2.6413,2.6599,2.6461,2.5917,2.5388,2.4794,2.4882,2.5234,2.5202,2.5179,2.4706,2.4739,2.5691,2.5703,2.5812,2.6031,2.6353,2.6408,2.6302,2.6264,2.6567,2.6514,2.6450,2.6902,2.7260,2.7448,2.7509,2.7733,2.7460,2.7587,2.7802,2.7322,2.7748,2.7959,2.8313,2.8428,2.8289,2.8760,2.8645,2.7933,2.8052,2.8339,2.8429,2.8824,2.8811,2.8871,2.8923,2.9085,2.8869,2.9285,2.9338,2.9568,2.9503,2.9499,2.9112,2.8942,2.8849,2.8990,2.8923,2.8666,2.8416,2.8623,2.8712,2.8194,2.5392,2.4923,2.5212,2.5883,2.5977,2.6338,2.6485,2.6104,2.6172,2.6269,2.6707,2.6838,2.7103,2.7040,2.7094,2.6702,2.6783,2.6858,2.7386,2.7408,2.7574,2.7416,2.7737,2.7762,2.7731,2.7465,2.7702,2.7797,2.8025,2.8037,2.7803,2.7653,2.7717,2.7713,2.7734,2.8033,2.7748,2.7951,2.8210,2.8350,2.8425,2.8616,2.8463,2.8747,2.8873,2.8541,2.8591,2.8549,2.8543,2.8211,2.8084,2.8275,2.8893,2.9118,2.8955,2.9182,2.9521,2.9816,2.9818,3.0168,2.9953,3.0077,3.0481,3.0387,3.0472,3.0582,3.0969,3.1009,3.1124,3.1234,3.1170,3.1632,3.1894,3.1762,3.2031,3.2118,3.2301,3.2415,3.2278,3.1893,3.2016,3.2327,3.2637,3.2909,3.2838,3.3082
招商优势企业混合A,217021,fund,3.3984,3.3223,3.3387,3.3195,3.3499,3.2776,3.3384,3.2817,3.3481,3.3804,3.3196,3.3543,3.3566,3.3500,3.3509,3.3926,3.2974,3.2263,3.2170,3.2359,3.2183,3.2175,3.3799,3.3540,3.3147,3.2540,3.3119,3.3030,3.2799,3.2879,3.2690,3.2740,3.2036,3.2053,3.2520,3.2619,3.2258,3.1851,3.1429,3.1355,3.1899,3.1879,3.1598,3.2136,3.2770,3.1758,3.2046,3.2159,3.2147,3.1843,3.1869,3.1246,3.1689,3.1959,3.1886,3.1909,3.2315,3.2814,3.2282,3.3751,3.4061,3.6101,3.9238,4.3866,4.6979,4.4559,4.4003,4.2767,4.2924,4.1571,4.0943,4.0655,4.2832,4.3194,4.3263,4.3906,4.2906,4.3261,4.3601,4.3679,4.3559,4.3529,4.2723,4.3549,4.5527,4.5606,4.5922,4.6646,4.7880,4.6447,4.6410,4.4635,4.3300,4.2561,4.3229,4.4385,4.4312,4.3169,4.2995,4.1993,4.3305,4.2499,4.3334,4.4272,4.4033,4.4192,4.5206,4.5971,4.7309,4.7423,4.7226,4.7871,4.6812,4.6196,4.5047,4.6306,4.6368,4.6928,4.6071,4.5920,4.5666,4.6196,4.7170,4.6959,4.5648,4.4072,4.3653,4.3091,4.2979,4.2734,4.3939,4.3006,4.2638,4.4816,4.4489,4.4655,4.4997,4.4987,4.6165,4.5907,4.5929,4.8681,4.9294,5.3311,5.5341,5.5504,5.7098,5.5923,5.7530,5.6374,6.0254,6.0896,6.0495,6.1692,6.0416,6.3192,6.1418,5.9907,6.0467,5.6825,5.3828,5.4522,5.5205,5.6439,6.0962,6.1096,5.8777,5.8907,5.8182,5.6999,5.7803,5.7792,5.8572,5.7671,5.6685,5.4622,5.4639,5.3597,5.4021,5.3726,5.3226,5.3098,5.2430,5.2719,5.2052,4.4513,4.5100,4.6532,4.7653,4.8245,4.9108,4.8992,4.7804,4.8287,4.7978,4.8534,4.8278,4.8933,4.8653,4.8996,4.8788,4.8807,5.0019,5.1417,5.0895,5.1727,5.1058,5.2886,5.2501,5.2671,5.1516,5.1678,5.1167,5.1264,5.1256,5.0815,5.0310,5.0011,4.9789,4.9092,5.0125,4.9001,4.9027,4.9496,5.0545,5.0288,5.1767,5.1353,5.1412,5.1252,5.0245,5.0353,4.9862,4.9666,4.8724,4.8505,4.8823,5.0302,5.1006,5.0787,5.1061,5.1169,5.1154,5.0253,5.0205,5.0151,4.9790,5.0527,5.0092,5.0100,5.0882,5.1206,5.3487,5.3513,5.3965,5.4967,5.4866,5.4342,5.5141,5.6139,5.6408,5.5973,5.6422,5.5623,5.6383,5.6157,5.6831,5.6560,5.7274,5.7396,5.6551
招商鑫诚短债A,016526,fund,1.0586,1.0587,1.0588,1.0588,1.0588,1.0589,1.0591,1.0592,1.0593,1.0593,1.0595,1.0595,1.0596,1.0596,1.0597,1.0599,1.0600,1.0600,1.0601,1.0602,1.0604,1.0605,1.0605,1.0606,1.0608,1.0610,1.0610,1.0610,1.0611,1.0610,1.0609,1.0611,1.0612,1.0612,1.0613,1.0614,1.0615,1.0615,1.0614,1.0614,1.0615,1.0614,1.0614,1.0615,1.0616,1.0619,1.0620,1.0621,1.0621,1.0622,1.0623,1.0623,1.0624,1.0624,1.0625,1.0628,1.0628,1.0628,1.0630,1.0630,1.0632,1.0632,1.0631,1.0629,1.0630,1.0626,1.0629,1.0633,1.0638,1.0640,1.0641,1.0642,1.0642,1.0644,1.0644,1.0644,1.0645,1.0646,1.0648,1.0648,1.0648,1.0649,1.0651,1.0653,1.0653,1.0654,1.0656,1.0657,1.0658,1.0659,1.0660,1.0660,1.0661,1.0662,1.0663,1.0663,1.0664,1.0665,1.0665,1.0666,1.0667,1.0667,1.0670,1.0675,1.0675,1.0676,1.0677,1.0677,1.0679,1.0680,1.0680,1.0681,1.0683,1.0686,1.0686,1.0685,1.0686,1.0688,1.0691,1.0691,1.0691,1.0691,1.0693,1.0695,1.0696,1.0697,1.0698,1.0699,1.0699,1.0699,1.0699,1.0699,1.0700,1.0699,1.0699,1.0696,1.0696,1.0697,1.0697,1.0698,1.0697,1.0698,1.0702,1.0708,1.0709,1.0711,1.0711,1.0711,1.0711,1.0711,1.0710,1.0710,1.0708,1.0709,1.0708,1.0708,1.0709,1.0710,1.0710,1.0710,1.0711,1.0714,1.0715,1.0716,1.0716,1.0716,1.0717,1.0717,1.0718,1.0720,1.0721,1.0722,1.0723,1.0723,1.0725,1.0726,1.0728,1.0729,1.0729,1.0730,1.0731,1.0732,1.0732,1.0733,1.0736,1.0740,1.0740,1.0741,1.0741,1.0742,1.0743,1.0744,1.0744,1.0745,1.0745,1.0747,1.0747,1.0747,1.0748,1.0748,1.0750,1.0750,1.0751,1.0754,1.0755,1.0756,1.0758,1.0759,1.0759,1.0760,1.0761,1.0761,1.0762,1.0762,1.0763,1.0764,1.0764,1.0765,1.0765,1.0765,1.0765,1.0766,1.0768,1.0768,1.0769,1.0770,1.0771,1.0772,1.0772,1.0772,1.0773,1.0774,1.0775,1.0775,1.0776,1.0776,1.0778,1.0778,1.0778,1.0778,1.0779,1.0780,1.0781,1.0782,1.0783,1.0784,1.0786,1.0786,1.0787,1.0787,1.0787,1.0789,1.0789,1.0790,1.0791,1.0791,1.0792,1.0793,1.0792,1.0792,1.0794,1.0796,1.0796,1.0797,1.0797,1.0798,1.0800,1.0800,1.0801,1.0802,1.0802
招商招华纯债A,003448,fund,1.3218,1.3223,1.3225,1.3227,1.3224,1.3221,1.3224,1.3225,1.3227,1.3230,1.3233,1.3234,1.3236,1.3236,1.3237,1.3242,1.3246,1.3247,1.3251,1.3253,1.3257,1.3259,1.3261,1.3264,1.3268,1.3272,1.3268,1.3277,1.3262,1.3252,1.3241,1.3244,1.3251,1.3249,1.3250,1.3252,1.3252,1.3249,1.3248,1.3248,1.3247,1.3240,1.3244,1.3248,1.3249,1.3258,1.3262,1.3265,1.3270,1.3270,1.3273,1.3275,1.3278,1.3281,1.3285,1.3296,1.3295,1.3295,1.3296,1.3295,1.3299,1.3299,1.3282,1.3252,1.3240,1.3232,1.3270,1.3291,1.3313,1.3326,1.3326,1.3334,1.3333,1.3332,1.3323,1.3312,1.3310,1.3308,1.3306,1.3306,1.3306,1.3312,1.3321,1.3325,1.3328,1.3331,1.3339,1.3343,1.3353,1.3363,1.3361,1.3362,1.3366,1.3362,1.3364,1.3364,1.3370,1.3374,1.3382,1.3386,1.3388,1.3397,1.3412,1.3438,1.3440,1.3455,1.3458,1.3458,1.3469,1.3496,1.3499,1.3503,1.3519,1.3538,1.3535,1.3525,1.3527,1.3541,1.3547,1.3540,1.3532,1.3534,1.3552,1.3558,1.3578,1.3602,1.3611,1.3613,1.3608,1.3607,1.3597,1.3596,1.3588,1.3591,1.3596,1.3590,1.3586,1.3584,1.3587,1.3592,1.3588,1.3588,1.3597,1.3604,1.3613,1.3615,1.3611,1.3611,1.3611,1.3610,1.3603,1.3596,1.3588,1.3590,1.3580,1.3567,1.3552,1.3550,1.3551,1.3543,1.3543,1.3550,1.3550,1.3550,1.3541,1.3521,1.3515,1.3497,1.3510,1.3523,1.3526,1.3515,1.3520,1.3528,1.3544,1.3550,1.3554,1.3561,1.3565,1.3566,1.3566,1.3569,1.3570,1.3577,1.3597,1.3626,1.3617,1.3617,1.3616,1.3618,1.3618,1.3616,1.3619,1.3618,1.3618,1.3616,1.3617,1.3613,1.3609,1.3608,1.3611,1.3620,1.3625,1.3629,1.3628,1.3639,1.3646,1.3640,1.3646,1.3646,1.3646,1.3643,1.3646,1.3650,1.3652,1.3654,1.3655,1.3658,1.3657,1.3655,1.3650,1.3654,1.3655,1.3655,1.3657,1.3661,1.3665,1.3666,1.3668,1.3669,1.3669,1.3671,1.3675,1.3677,1.3679,1.3681,1.3684,1.3680,1.3675,1.3677,1.3679,1.3679,1.3683,1.3690,1.3693,1.3696,1.3699,1.3695,1.3694,1.3690,1.3689,1.3687,1.3693,1.3694,1.3697,1.3698,1.3694,1.3689,1.3681,1.3669,1.3668,1.3679,1.3668,1.3682,1.3695,1.3699,1.3701,1.3705,1.3706,1.3709,1.3710
招商中证500等权重指数增强A,009726,fund,1.1483,1.1373,1.1301,1.1092,1.1174,1.0986,1.1200,1.1151,1.1390,1.1384,1.1280,1.1287,1.1217,1.1267,1.1257,1.1215,1.0925,1.0798,1.0819,1.0978,1.0877,1.0875,1.1300,1.1203,1.1062,1.0877,1.1017,1.1003,1.1040,1.0951,1.0953,1.0991,1.0835,1.0902,1.0840,1.0855,1.0683,1.0647,1.0533,1.0538,1.0555,1.0469,1.0473,1.0607,1.0780,1.0559,1.0662,1.0628,1.0680,1.0515,1.0442,1.0443,1.0432,1.0379,1.0269,1.0270,1.0424,1.0349,1.0348,1.0789,1.0882,1.1341,1.1891,1.3013,1.3836,1.2881,1.2879,1.2426,1.2672,1.2378,1.2366,1.2239,1.2635,1.2759,1.2879,1.2904,1.2813,1.2967,1.3105,1.2947,1.2981,1.3056,1.2880,1.3107,1.3420,1.3448,1.3695,1.3641,1.3859,1.3725,1.3707,1.3400,1.3175,1.3033,1.3220,1.3358,1.3333,1.2855,1.2862,1.2790,1.3021,1.2909,1.3074,1.3259,1.3245,1.3098,1.3133,1.3317,1.3276,1.3356,1.3492,1.3596,1.3404,1.3262,1.3122,1.3194,1.3311,1.3370,1.3166,1.3348,1.3230,1.3348,1.3379,1.3397,1.3068,1.2685,1.2481,1.2518,1.2643,1.2584,1.2579,1.2430,1.2432,1.2818,1.2755,1.2813,1.2943,1.3028,1.3064,1.2969,1.2914,1.3076,1.3032,1.3020,1.3237,1.3417,1.3498,1.3467,1.3600,1.3476,1.3588,1.3623,1.3454,1.3605,1.3680,1.3857,1.3846,1.3693,1.3824,1.3756,1.3431,1.3515,1.3590,1.3593,1.3770,1.3748,1.3764,1.3822,1.3839,1.3763,1.4019,1.4035,1.4086,1.4035,1.3986,1.3849,1.3841,1.3850,1.3837,1.3846,1.3765,1.3661,1.3780,1.3782,1.3612,1.2342,1.2336,1.2509,1.2765,1.2819,1.2910,1.2870,1.2740,1.2771,1.2808,1.2975,1.2961,1.3056,1.3014,1.3071,1.2993,1.3002,1.3030,1.3245,1.3292,1.3357,1.3257,1.3417,1.3401,1.3440,1.3286,1.3296,1.3349,1.3414,1.3434,1.3316,1.3197,1.3237,1.3236,1.3210,1.3424,1.3342,1.3445,1.3533,1.3582,1.3565,1.3659,1.3582,1.3659,1.3700,1.3598,1.3654,1.3636,1.3632,1.3485,1.3474,1.3588,1.3752,1.3927,1.3879,1.3928,1.4019,1.4084,1.4062,1.4109,1.4082,1.4095,1.4229,1.4211,1.4303,1.4381,1.4421,1.4367,1.4404,1.4494,1.4549,1.4697,1.4843,1.4802,1.5002,1.4999,1.4997,1.5046,1.4993,1.4775,1.4793,1.4881,1.5004,1.5078,1.5062,1.5087
招商北证50成份指数发起式A,017517,fund,0.7968,0.7937,0.7793,0.7816,0.7790,0.7534,0.7628,0.7611,0.7777,0.7799,0.7770,0.7965,0.8505,0.8172,0.8124,0.8126,0.7988,0.7803,0.7839,0.7883,0.7812,0.7874,0.8058,0.8039,0.7906,0.7680,0.7787,0.7776,0.7744,0.7753,0.7713,0.7751,0.7676,0.7646,0.7606,0.7528,0.7544,0.7527,0.7361,0.7313,0.7345,0.7216,0.7229,0.7258,0.7374,0.7182,0.7233,0.7142,0.7124,0.7003,0.6927,0.6920,0.6932,0.6882,0.6930,0.6870,0.6949,0.6929,0.6853,0.7063,0.7141,0.7341,0.8113,0.9636,1.1828,1.0414,1.0482,0.9577,1.0173,1.0034,1.0159,1.0581,1.1570,1.3019,1.2176,1.2706,1.3201,1.3234,1.3322,1.3804,1.3507,1.3288,1.2052,1.2801,1.3784,1.4252,1.4720,1.4550,1.4656,1.4383,1.4497,1.4191,1.4091,1.3606,1.3728,1.4119,1.4301,1.3619,1.3560,1.3058,1.3134,1.3118,1.3493,1.3876,1.3913,1.3605,1.3667,1.3562,1.2983,1.3249,1.3130,1.3014,1.2966,1.2547,1.2169,1.2095,1.2472,1.2490,1.2181,1.2269,1.1834,1.1851,1.1712,1.1224,1.1138,1.0955,1.0937,1.0789,1.1000,1.1132,1.1294,1.1000,1.0757,1.1835,1.1804,1.2019,1.1974,1.2001,1.1943,1.1478,1.1462,1.1526,1.1312,1.1434,1.2028,1.2589,1.2992,1.3254,1.3391,1.3164,1.3043,1.3260,1.2977,1.3635,1.3826,1.4186,1.4203,1.4012,1.4259,1.4390,1.3801,1.4099,1.4531,1.4918,1.4713,1.4630,1.4887,1.4897,1.4840,1.4435,1.4901,1.5161,1.5218,1.4809,1.4428,1.3868,1.3987,1.4224,1.4204,1.4111,1.3864,1.3509,1.3561,1.3627,1.3520,1.1235,1.1743,1.2829,1.3368,1.3545,1.3811,1.3768,1.3617,1.3733,1.3994,1.4342,1.4255,1.4321,1.3854,1.3709,1.3481,1.3637,1.4014,1.4434,1.4373,1.4503,1.4486,1.4882,1.4751,1.4899,1.4844,1.4913,1.5243,1.5436,1.5497,1.4584,1.4397,1.4652,1.4663,1.4474,1.4849,1.4778,1.4935,1.5089,1.5048,1.4976,1.5130,1.4975,1.4984,1.4996,1.4585,1.4829,1.4774,1.4690,1.4420,1.4241,1.4448,1.4943,1.5140,1.5009,1.5165,1.5241,1.5340,1.5164,1.5196,1.4926,1.4796,1.4984,1.4880,1.4859,1.4983,1.5058,1.4895,1.4932,1.5056,1.4961,1.5294,1.5359,1.5129,1.5284,1.5358,1.5323,1.5422,1.5168,1.5003,1.4971,1.5104,1.5137,1.5362,1.5361,1.5182
深证成指,399001,stock,8899.17,8812.67,8760.43,8673.83,8695.55,8561.95,8705.94,8697.22,8870.36,8854.08,8801.62,8877.02,8835.14,8879.33,8903.23,8869.82,8606.58,8493.1,8474.7,8597.17,8514.65,8468.58,8754.09,8673.58,8553.55,8395.05,8463.86,8449.58,8446.21,8393.7,8373.47,8409.22,8311.0,8370.12,8349.87,8356.9,8252.87,8229.75,8162.18,8181.92,8194.65,8103.76,8078.82,8154.44,8348.48,8172.21,8268.05,8226.24,8249.66,8130.77,8063.27,8073.83,8105.38,8054.24,7983.55,7992.25,8087.6,8075.14,8083.38,8435.7,8537.73,8916.65,9514.86,10529.76,11495.1,10557.81,10471.08,10060.74,10327.4,10066.52,9965.02,9891.76,10357.68,10470.91,10559.51,10576.41,10441.75,10619.85,10685.89,10543.33,10530.85,10591.22,10455.5,10663.1,11006.94,10968.14,11235.92,11161.7,11388.57,11314.46,11359.29,11037.78,10748.97,10544.02,10743.84,10827.19,10819.88,10438.72,10420.52,10333.23,10566.1,10432.54,10611.72,10756.55,10713.58,10604.01,10634.49,10791.34,10731.66,10812.58,10848.42,10957.13,10713.07,10573.92,10537.43,10584.27,10649.03,10646.62,10537.4,10671.43,10603.1,10673.97,10659.98,10671.16,10414.61,10088.06,9897.12,9885.65,9998.76,9944.64,9976.0,9795.94,9796.18,10165.17,10060.13,10101.1,10161.32,10256.4,10305.69,10225.87,10176.17,10292.73,10156.07,10164.22,10393.63,10576.0,10631.25,10557.62,10708.88,10626.62,10749.46,10791.06,10617.26,10772.65,10794.55,10991.37,10983.04,10854.5,10955.65,10927.51,10611.24,10649.59,10679.44,10709.46,10898.75,10843.73,10825.7,10861.16,10843.23,10736.19,10978.3,10957.82,11014.75,10979.05,10879.49,10687.55,10695.49,10649.08,10643.82,10668.1,10607.33,10504.33,10503.66,10513.12,10365.73,9364.5,9424.68,9539.89,9754.64,9834.44,9884.3,9858.1,9774.73,9759.05,9781.65,9905.53,9870.05,9935.8,9878.32,9917.06,9855.2,9849.8,9899.82,10082.34,10104.13,10197.66,10126.83,10301.16,10288.08,10354.22,10186.45,10179.6,10171.09,10249.17,10294.22,10219.62,10132.41,10091.16,10029.11,10003.27,10127.2,10040.63,10057.17,10144.58,10203.5,10183.7,10250.14,10162.18,10246.02,10234.33,10122.11,10163.55,10151.43,10175.59,10051.97,10005.03,10048.39,10217.63,10393.72,10343.48,10378.55,10465.12,10476.29,10412.63,10534.58,10508.76,10435.51,10588.39,10581.8,10631.13,10696.1,10684.52,10744.56,10720.81,10873.62,10913.84,11007.49,11099.83,11059.04,11193.06,11168.14,11217.58,11289.41,11203.03,11009.77,10991.32,11041.56,11106.96,11177.78,11157.94,11128.67
广发量化多因子混合,005225,fund,1.1791,1.1830,1.1738,1.1435,1.1578,1.1290,1.1506,1.1423,1.1800,1.1786,1.1587,1.1575,1.1444,1.1415,1.1465,1.1499,1.1279,1.1094,1.1125,1.1319,1.1325,1.1391,1.1779,1.1773,1.1641,1.1352,1.1604,1.1618,1.1603,1.1523,1.1473,1.1540,1.1463,1.1551,1.1518,1.1483,1.1263,1.1239,1.1093,1.1025,1.1178,1.1021,1.1103,1.1271,1.1455,1.1264,1.1354,1.1291,1.1388,1.1177,1.1153,1.1239,1.1195,1.1174,1.1021,1.0970,1.1213,1.1166,1.1190,1.1567,1.1694,1.2058,1.2591,1.3832,1.4913,1.3672,1.3690,1.3182,1.3600,1.3388,1.3438,1.3376,1.3770,1.3951,1.4091,1.4095,1.4060,1.4291,1.4608,1.4339,1.4361,1.4552,1.4159,1.4448,1.4802,1.4881,1.5202,1.5225,1.5600,1.5453,1.5507,1.5077,1.4858,1.4556,1.4917,1.5206,1.5312,1.4884,1.5093,1.5005,1.5233,1.5257,1.5512,1.5812,1.5890,1.5643,1.5820,1.6031,1.6027,1.6145,1.6381,1.6563,1.6303,1.6240,1.5727,1.5822,1.5939,1.6062,1.5535,1.5709,1.5476,1.5607,1.5770,1.5712,1.5348,1.5045,1.4601,1.4626,1.4853,1.4781,1.4778,1.4446,1.4530,1.5116,1.5072,1.5189,1.5247,1.5443,1.5392,1.5252,1.5293,1.5503,1.5460,1.5547,1.5818,1.6028,1.6326,1.6291,1.6443,1.6322,1.6382,1.6521,1.6188,1.6429,1.6536,1.6660,1.6751,1.6677,1.6916,1.6876,1.6424,1.6543,1.6732,1.6719,1.6976,1.6924,1.6964,1.7042,1.7110,1.6994,1.7295,1.7382,1.7490,1.7438,1.7501,1.7330,1.7143,1.7176,1.7325,1.7288,1.7133,1.6976,1.7172,1.7235,1.7154,1.5257,1.5336,1.5693,1.6042,1.6180,1.6446,1.6424,1.6197,1.6277,1.6343,1.6654,1.6691,1.6855,1.6729,1.6813,1.6640,1.6768,1.6905,1.7330,1.7358,1.7556,1.7358,1.7532,1.7496,1.7510,1.7284,1.7361,1.7480,1.7640,1.7574,1.7377,1.7173,1.7333,1.7318,1.7295,1.7621,1.7399,1.7514,1.7677,1.7814,1.7838,1.8016,1.7852,1.7964,1.8007,1.7756,1.7944,1.7950,1.7957,1.7732,1.7689,1.7954,1.8356,1.8591,1.8555,1.8680,1.8908,1.8981,1.8912,1.9032,1.8879,1.8990,1.9239,1.9264,1.9339,1.9420,1.9602,1.9516,1.9628,1.9809,1.9823,2.0026,2.0084,1.9986,2.0207,2.0341,2.0464,2.0527,2.0439,2.0300,2.0409,2.0645,2.0849,2.1049,2.1008,2.0993
沪深300,399300,stock,3478.18,3471.79,3463.41,3445.81,3431.06,3401.76,3439.81,3428.97,3468.17,3472.4,3476.25,3498.28,3501.58,3520.93,3539.02,3514.92,3439.88,3418.17,3399.27,3409.29,3390.74,3369.38,3442.08,3419.27,3384.39,3343.32,3342.98,3341.49,3342.94,3331.63,3325.86,3334.39,3309.24,3341.95,3345.63,3356.97,3332.7,3321.64,3313.14,3327.19,3324.22,3305.33,3286.5,3277.68,3321.43,3265.01,3273.43,3252.16,3257.76,3231.35,3192.95,3195.76,3186.13,3172.47,3159.25,3171.01,3196.04,3201.05,3212.76,3351.91,3401.53,3545.32,3703.68,4017.85,4256.1,3955.98,3997.79,3887.17,3961.34,3855.99,3831.59,3788.22,3925.23,3935.2,3957.78,3973.21,3928.83,3956.42,3964.16,3924.65,3889.45,3891.04,3890.02,3944.76,4044.57,4024.28,4145.7,4104.05,4131.13,4085.74,4110.89,4039.62,3968.83,3950.38,3976.89,3985.77,3989.3,3865.7,3848.09,3840.18,3907.04,3872.55,3916.58,3947.63,3951.89,3930.56,3921.59,3973.14,3966.57,3995.64,3988.83,4028.5,3933.18,3911.84,3922.03,3941.89,3945.46,3927.74,3933.57,3983.69,3985.63,3987.48,3981.03,3999.05,3934.91,3820.4,3775.16,3768.97,3796.11,3789.22,3779.88,3732.48,3722.51,3820.54,3796.03,3800.38,3812.34,3829.68,3832.61,3797.02,3803.74,3832.86,3817.08,3795.08,3842.83,3892.7,3901.06,3883.14,3919.86,3905.14,3939.01,3947.4,3912.78,3940.16,3928.9,3978.44,3969.72,3925.65,3959.94,3968.12,3890.05,3888.47,3885.22,3902.57,3956.24,3944.01,3928.8,3941.42,3927.23,3911.58,4006.56,3996.79,4007.72,4010.17,3974.99,3914.7,3934.85,3932.3,3919.36,3932.41,3915.17,3887.31,3887.68,3884.39,3861.5,3589.44,3650.76,3686.79,3735.12,3750.52,3759.14,3761.23,3772.82,3772.22,3772.52,3784.88,3783.95,3786.88,3784.36,3786.99,3781.62,3775.08,3770.57,3808.54,3831.63,3852.9,3846.16,3890.61,3896.26,3943.21,3907.2,3889.09,3877.15,3898.17,3916.38,3913.87,3882.27,3860.11,3839.4,3836.24,3858.7,3840.23,3852.01,3868.74,3877.56,3873.98,3885.25,3865.47,3894.63,3892.2,3864.18,3873.8,3870.38,3874.97,3843.09,3846.64,3857.9,3904.03,3960.07,3946.02,3921.76,3936.08,3942.76,3943.68,3968.07,3982.2,3965.17,3998.45,3991.4,4010.02,4014.81,4017.67,4019.06,4007.2,4034.49,4058.55,4085.61,4118.96,4119.77,4149.04,4127.16,4135.82,4152.02,4151.24,4075.59,4054.93,4070.7,4103.45,4113.49,4114.67,4104.97
招商成长量化选股股票C,020902,fund,0.9850,0.9747,0.9662,0.9556,0.9587,0.9436,0.9611,0.9605,0.9799,0.9784,0.9718,0.9700,0.9577,0.9589,0.9559,0.9512,0.9328,0.9209,0.9229,0.9399,0.9285,0.9287,0.9571,0.9532,0.9412,0.9214,0.9306,0.9299,0.9296,0.9258,0.9237,0.9277,0.9160,0.9214,0.9152,0.9189,0.9053,0.9029,0.8956,0.8968,0.9031,0.8942,0.8975,0.9089,0.9199,0.9089,0.9187,0.9139,0.9162,0.9045,0.8960,0.8993,0.9008,0.8988,0.8886,0.8935,0.9074,0.9045,0.9049,0.9323,0.9355,0.9652,0.9994,1.0767,1.1268,1.0401,1.0551,1.0276,1.0454,1.0207,1.0196,1.0131,1.0384,1.0427,1.0593,1.0615,1.0560,1.0730,1.0871,1.0724,1.0732,1.0777,1.0610,1.0807,1.0990,1.1040,1.1278,1.1258,1.1465,1.1346,1.1388,1.1124,1.0987,1.0809,1.1023,1.1143,1.1147,1.0785,1.0844,1.0789,1.0953,1.0873,1.1071,1.1247,1.1209,1.1079,1.1152,1.1298,1.1347,1.1451,1.1574,1.1654,1.1455,1.1369,1.1203,1.1268,1.1424,1.1418,1.1233,1.1387,1.1337,1.1511,1.1548,1.1554,1.1304,1.1036,1.0803,1.0800,1.0936,1.0913,1.0908,1.0724,1.0691,1.1122,1.1098,1.1177,1.1256,1.1312,1.1340,1.1324,1.1272,1.1476,1.1420,1.1356,1.1583,1.1742,1.1748,1.1818,1.1913,1.1796,1.1854,1.1900,1.1723,1.1922,1.2035,1.2245,1.2266,1.2184,1.2407,1.2376,1.2085,1.2109,1.2190,1.2238,1.2358,1.2339,1.2353,1.2375,1.2423,1.2303,1.2525,1.2536,1.2646,1.2630,1.2613,1.2406,1.2435,1.2388,1.2441,1.2434,1.2355,1.2263,1.2317,1.2359,1.2029,1.0890,1.0681,1.0762,1.1084,1.1099,1.1208,1.1255,1.1053,1.1058,1.1125,1.1291,1.1281,1.1422,1.1384,1.1415,1.1280,1.1293,1.1310,1.1533,1.1553,1.1625,1.1576,1.1764,1.1757,1.1732,1.1588,1.1688,1.1725,1.1840,1.1835,1.1749,1.1693,1.1708,1.1703,1.1760,1.1918,1.1766,1.1816,1.1913,1.2012,1.2027,1.2105,1.2034,1.2167,1.2224,1.2053,1.2061,1.2046,1.2039,1.1870,1.1805,1.1876,1.2156,1.2284,1.2221,1.2311,1.2462,1.2552,1.2553,1.2689,1.2590,1.2625,1.2787,1.2742,1.2765,1.2816,1.3008,1.3047,1.3116,1.3178,1.3146,1.3354,1.3483,1.3416,1.3525,1.3537,1.3636,1.3650,1.3573,1.3402,1.3483,1.3619,1.3796,1.3944,1.3915,1.4000
招商纳斯达克100ETF发起式联接（QDII）C,019548,fund,1.1674,1.1773,1.1841,1.1840,1.1941,1.1930,1.1899,1.2033,1.1790,1.1842,1.1865,1.1864,1.1551,1.1498,1.1407,1.1561,1.1518,1.1152,1.1037,1.1123,1.1142,1.1005,1.1319,1.1062,1.0833,1.0545,1.0645,1.0528,1.0835,1.0887,1.0903,1.1152,1.1155,1.1402,1.1421,1.1550,1.1510,1.1563,1.1371,1.1514,1.1369,1.1420,1.1289,1.1288,1.1397,1.1382,1.1059,1.1044,1.1027,1.0741,1.0879,1.0993,1.1221,1.1324,1.1347,1.1233,1.1524,1.1445,1.1459,1.1506,1.1472,1.1574,1.1473,1.1496,1.1634,1.1699,1.1712,1.1726,1.1814,1.1693,1.1757,1.1770,1.1850,1.1824,1.1873,1.1705,1.1801,1.1835,1.1867,1.1972,1.1899,1.1611,1.1670,1.1643,1.1757,1.2055,1.2330,1.2305,1.2351,1.2353,1.2344,1.2263,1.1992,1.2055,1.2133,1.2127,1.2168,1.2186,1.2195,1.2256,1.2168,1.2154,1.2248,1.2367,1.2421,1.2534,1.2492,1.2574,1.2467,1.2428,1.2629,1.2549,1.2638,1.2792,1.2738,1.2336,1.2255,1.2320,1.2421,1.2518,1.2498,1.2489,1.2325,1.2174,1.2081,1.2065,1.2257,1.2383,1.2176,1.2184,1.2183,1.2006,1.1970,1.1956,1.2219,1.2140,1.2331,1.2330,1.2368,1.2521,1.2550,1.2481,1.2130,1.2418,1.2483,1.2334,1.2479,1.2447,1.2461,1.2629,1.2674,1.2672,1.2699,1.2705,1.2649,1.2403,1.2265,1.2116,1.2152,1.1837,1.2019,1.1769,1.1730,1.1882,1.1567,1.1653,1.1239,1.1210,1.1328,1.1133,1.1400,1.1450,1.1277,1.1410,1.1387,1.1430,1.1665,1.1726,1.1519,1.1457,1.1174,1.1176,1.1262,1.1346,1.0779,1.0189,0.9997,1.1137,1.0696,1.0889,1.0951,1.0968,1.0664,1.0658,1.0653,1.0404,1.0657,1.0884,1.1154,1.1261,1.1252,1.1304,1.1313,1.1424,1.1464,1.1582,1.1584,1.2012,1.2174,1.2231,1.2243,1.2289,1.2297,1.2256,1.2103,1.2114,1.2010,1.1996,1.2271,1.2221,1.2247,1.2227,1.2400,1.2435,1.2338,1.2452,1.2471,1.2545,1.2498,1.2523,1.2368,1.2534,1.2410,1.2413,1.2408,1.2353,1.2478,1.2648,1.2675,1.2778,1.2827,1.2896,1.2779,1.2869,1.2986,1.2987,1.2885,1.2898,1.2984,1.2960,1.2928,1.2969,1.2985,1.3002,1.3079,1.3079,1.3142,1.3069,1.3112,1.3137,1.3170,1.3221,1.3204,1.3210,1.3153,1.2914,1.3119,1.3023,1.3185,1.3213,1.3301
招商国证生物医药指数A,161726,fund,0.9334,0.9313,0.9292,0.9247,0.9307,0.9249,0.9261,0.9268,0.9326,0.9324,0.9306,0.9325,0.9372,0.9376,0.9385,0.9400,0.9315,0.9286,0.9298,0.9290,0.9266,0.9274,0.9388,0.9361,0.9376,0.9360,0.9402,0.9382,0.9374,0.9332,0.9352,0.9341,0.9296,0.9310,0.9307,0.9284,0.9238,0.9216,0.9177,0.9165,0.9174,0.9167,0.9165,0.9204,0.9214,0.9157,0.9173,0.9176,0.9191,0.9150,0.9150,0.9136,0.9155,0.9142,0.9120,0.9115,0.9147,0.9127,0.9120,0.9189,0.9216,0.9309,0.9486,0.9776,1.0051,0.9815,0.9772,0.9613,0.9625,0.9555,0.9518,0.9496,0.9614,0.9627,0.9649,0.9661,0.9649,0.9706,0.9741,0.9672,0.9637,0.9618,0.9599,0.9637,0.9708,0.9705,0.9785,0.9755,0.9802,0.9825,0.9792,0.9707,0.9645,0.9607,0.9645,0.9686,0.9675,0.9569,0.9572,0.9558,0.9602,0.9576,0.9616,0.9644,0.9646,0.9600,0.9590,0.9668,0.9673,0.9678,0.9679,0.9686,0.9623,0.9593,0.9576,0.9581,0.9574,0.9574,0.9541,0.9563,0.9542,0.9532,0.9524,0.9520,0.9466,0.9406,0.9379,0.9394,0.9376,0.9358,0.9352,0.9318,0.9329,0.9389,0.9363,0.9358,0.9367,0.9394,0.9391,0.9373,0.9371,0.9380,0.9372,0.9393,0.9425,0.9447,0.9484,0.9447,0.9449,0.9435,0.9492,0.9519,0.9474,0.9487,0.9538,0.9573,0.9523,0.9501,0.9540,0.9532,0.9465,0.9472,0.9476,0.9454,0.9501,0.9479,0.9478,0.9498,0.9483,0.9473,0.9533,0.9541,0.9585,0.9571,0.9549,0.9506,0.9499,0.9501,0.9486,0.9527,0.9513,0.9477,0.9550,0.9520,0.9509,0.9319,0.9339,0.9342,0.9377,0.9366,0.9381,0.9367,0.9333,0.9321,0.9317,0.9330,0.9320,0.9316,0.9325,0.9341,0.9334,0.9343,0.9334,0.9366,0.9349,0.9360,0.9350,0.9356,0.9369,0.9372,0.9369,0.9374,0.9373,0.9418,0.9425,0.9411,0.9412,0.9393,0.9425,0.9406,0.9477,0.9476,0.9511,0.9541,0.9524,0.9500,0.9544,0.9555,0.9540,0.9597,0.9542,0.9527,0.9497,0.9469,0.9434,0.9437,0.9462,0.9491,0.9505,0.9466,0.9472,0.9512,0.9548,0.9526,0.9571,0.9584,0.9545,0.9567,0.9570,0.9579,0.9630,0.9632,0.9633,0.9642,0.9690,0.9701,0.9685,0.9696,0.9704,0.9811,0.9807,0.9835,0.9920,0.9912,0.9873,0.9851,0.9842,0.9861,0.9851,0.9813,0.9803
招商安瑞进取债券A,217018,fund,1.6982,1.6907,1.6745,1.6539,1.6666,1.6354,1.6545,1.6562,1.6810,1.6744,1.6556,1.6567,1.6438,1.6471,1.6562,1.6463,1.6116,1.5883,1.5860,1.6175,1.6089,1.6046,1.6450,1.6402,1.6274,1.5997,1.6168,1.6171,1.6115,1.6070,1.5997,1.5977,1.5848,1.5772,1.5472,1.5505,1.5266,1.5254,1.5171,1.5150,1.5235,1.5145,1.5191,1.5398,1.5660,1.5432,1.5484,1.5512,1.5648,1.5504,1.5416,1.5321,1.5309,1.5229,1.5150,1.5059,1.5181,1.5100,1.5051,1.5533,1.5657,1.6132,1.6686,1.7603,1.8593,1.7496,1.7421,1.6956,1.7343,1.7184,1.7194,1.7254,1.7746,1.7941,1.7924,1.7975,1.7785,1.7928,1.8046,1.7804,1.7639,1.7733,1.7635,1.7871,1.8183,1.8161,1.8434,1.8402,1.8772,1.8669,1.8610,1.8263,1.8044,1.7827,1.8030,1.8200,1.8204,1.7898,1.7903,1.7899,1.8064,1.8070,1.8233,1.8361,1.8349,1.8219,1.8239,1.8380,1.8314,1.8557,1.8717,1.8947,1.8736,1.8452,1.8324,1.8416,1.8394,1.8518,1.8357,1.8528,1.8392,1.8461,1.8538,1.8515,1.8291,1.8096,1.8000,1.7919,1.8060,1.8053,1.8087,1.7970,1.7946,1.8309,1.8303,1.8324,1.8533,1.8609,1.8704,1.8607,1.8542,1.8682,1.8551,1.8541,1.8812,1.8885,1.8981,1.8867,1.8944,1.8902,1.9013,1.8907,1.8687,1.8959,1.9156,1.9335,1.9253,1.9181,1.9351,1.9321,1.8945,1.8852,1.8891,1.8995,1.9293,1.9320,1.9257,1.9225,1.9429,1.9351,1.9612,1.9647,1.9662,1.9522,1.9385,1.8930,1.8899,1.8864,1.8981,1.8980,1.8864,1.8735,1.8918,1.8984,1.8868,1.7622,1.7908,1.8253,1.8684,1.8621,1.8690,1.8591,1.8384,1.8498,1.8482,1.8752,1.8762,1.8800,1.8738,1.8830,1.8676,1.8752,1.8794,1.9116,1.9105,1.9210,1.9076,1.9263,1.9253,1.9185,1.9014,1.9019,1.9134,1.9361,1.9373,1.9195,1.9087,1.9079,1.8963,1.9084,1.9260,1.9194,1.9387,1.9636,1.9644,1.9732,1.9855,1.9760,1.9906,1.9893,1.9619,1.9700,1.9633,1.9602,1.9448,1.9318,1.9528,1.9738,2.0028,1.9938,2.0059,2.0263,2.0436,2.0172,2.0240,2.0106,2.0026,2.0234,2.0128,2.0189,2.0296,2.0209,2.0175,2.0247,2.0492,2.0534,2.0732,2.0838,2.0801,2.1120,2.1235,2.1063,2.1202,2.1125,2.0897,2.0880,2.1254,2.1368,2.1507,2.1446,2.1419
招商安本增利债券A,014775,fund,1.6735,1.6704,1.6685,1.6615,1.6652,1.6559,1.6630,1.6643,1.6735,1.6728,1.6689,1.6712,1.6686,1.6701,1.6730,1.6725,1.6593,1.6528,1.6516,1.6632,1.6619,1.6624,1.6777,1.6775,1.6734,1.6624,1.6662,1.6657,1.6627,1.6580,1.6532,1.6554,1.6518,1.6503,1.6445,1.6465,1.6381,1.6363,1.6303,1.6291,1.6328,1.6283,1.6308,1.6378,1.6474,1.6399,1.6442,1.6445,1.6495,1.6428,1.6401,1.6379,1.6398,1.6371,1.6324,1.6331,1.6388,1.6346,1.6326,1.6509,1.6571,1.6760,1.6990,1.7417,1.7833,1.7390,1.7409,1.7239,1.7421,1.7353,1.7335,1.7348,1.7567,1.7669,1.7663,1.7679,1.7636,1.7767,1.7826,1.7705,1.7677,1.7726,1.7615,1.7733,1.7897,1.7901,1.7953,1.7995,1.8212,1.8098,1.8098,1.7917,1.7784,1.7674,1.7788,1.7853,1.7855,1.7703,1.7681,1.7679,1.7796,1.7778,1.7882,1.7962,1.7948,1.7867,1.7925,1.7983,1.7980,1.8106,1.8172,1.8228,1.8136,1.8028,1.7938,1.7982,1.7974,1.8068,1.7991,1.8019,1.7947,1.8013,1.8065,1.8047,1.7932,1.7811,1.7752,1.7700,1.7763,1.7750,1.7779,1.7729,1.7730,1.7909,1.7893,1.7903,1.7965,1.7968,1.8012,1.7988,1.7948,1.8018,1.7985,1.8004,1.8110,1.8185,1.8215,1.8184,1.8216,1.8160,1.8190,1.8158,1.8050,1.8151,1.8161,1.8213,1.8168,1.8134,1.8211,1.8160,1.7987,1.7991,1.8096,1.8107,1.8223,1.8257,1.8255,1.8266,1.8291,1.8213,1.8318,1.8302,1.8340,1.8274,1.8257,1.8148,1.8126,1.8165,1.8215,1.8231,1.8192,1.8129,1.8193,1.8177,1.8078,1.7545,1.7561,1.7727,1.7896,1.7917,1.7960,1.7885,1.7775,1.7822,1.7809,1.7971,1.7934,1.8002,1.7967,1.7983,1.7912,1.7969,1.7989,1.8185,1.8220,1.8300,1.8202,1.8352,1.8333,1.8318,1.8236,1.8244,1.8293,1.8394,1.8421,1.8362,1.8343,1.8348,1.8292,1.8304,1.8409,1.8344,1.8407,1.8487,1.8531,1.8555,1.8650,1.8580,1.8629,1.8640,1.8553,1.8581,1.8570,1.8554,1.8447,1.8392,1.8470,1.8540,1.8683,1.8655,1.8752,1.8917,1.8988,1.8924,1.8995,1.8965,1.8952,1.9108,1.9041,1.9066,1.9077,1.9037,1.9025,1.9045,1.9156,1.9181,1.9282,1.9309,1.9260,1.9326,1.9360,1.9365,1.9395,1.9398,1.9327,1.9335,1.9439,1.9479,1.9542,1.9522,1.9515
招商民安增益债券A,008475,fund,1.1372,1.1360,1.1351,1.1324,1.1339,1.1301,1.1331,1.1340,1.1385,1.1380,1.1365,1.1379,1.1369,1.1376,1.1393,1.1392,1.1332,1.1310,1.1308,1.1357,1.1354,1.1356,1.1435,1.1437,1.1412,1.1351,1.1371,1.1373,1.1358,1.1338,1.1315,1.1324,1.1303,1.1305,1.1289,1.1297,1.1259,1.1251,1.1228,1.1217,1.1231,1.1208,1.1215,1.1251,1.1291,1.1253,1.1276,1.1274,1.1295,1.1258,1.1250,1.1251,1.1259,1.1246,1.1222,1.1224,1.1252,1.1234,1.1223,1.1307,1.1336,1.1423,1.1537,1.1760,1.1971,1.1687,1.1686,1.1577,1.1695,1.1651,1.1632,1.1632,1.1751,1.1803,1.1799,1.1812,1.1784,1.1840,1.1883,1.1818,1.1805,1.1838,1.1769,1.1836,1.1933,1.1935,1.1954,1.1981,1.2096,1.2026,1.2032,1.1918,1.1854,1.1796,1.1871,1.1908,1.1902,1.1799,1.1780,1.1782,1.1850,1.1833,1.1885,1.1940,1.1931,1.1885,1.1926,1.1967,1.1968,1.2036,1.2077,1.2104,1.2052,1.1997,1.1941,1.1967,1.1974,1.2025,1.1968,1.1994,1.1948,1.1998,1.2023,1.2006,1.1930,1.1844,1.1798,1.1760,1.1808,1.1786,1.1806,1.1772,1.1768,1.1877,1.1852,1.1862,1.1894,1.1900,1.1921,1.1913,1.1888,1.1928,1.1905,1.1907,1.1978,1.2023,1.2050,1.2050,1.2072,1.2038,1.2048,1.2036,1.1984,1.2046,1.2059,1.2105,1.2092,1.2058,1.2101,1.2077,1.1982,1.1981,1.2046,1.2062,1.2136,1.2156,1.2146,1.2166,1.2175,1.2138,1.2207,1.2196,1.2217,1.2186,1.2171,1.2108,1.2090,1.2096,1.2125,1.2115,1.2094,1.2066,1.2089,1.2092,1.2031,1.1695,1.1690,1.1797,1.1898,1.1908,1.1941,1.1920,1.1864,1.1890,1.1888,1.1991,1.1955,1.1976,1.1958,1.1960,1.1923,1.1952,1.1963,1.2062,1.2085,1.2118,1.2072,1.2151,1.2138,1.2137,1.2084,1.2084,1.2105,1.2154,1.2162,1.2129,1.2109,1.2115,1.2082,1.2088,1.2144,1.2101,1.2144,1.2188,1.2210,1.2224,1.2270,1.2244,1.2270,1.2290,1.2234,1.2249,1.2235,1.2237,1.2167,1.2133,1.2175,1.2210,1.2277,1.2263,1.2315,1.2404,1.2439,1.2408,1.2431,1.2406,1.2407,1.2497,1.2461,1.2477,1.2502,1.2488,1.2475,1.2481,1.2545,1.2566,1.2628,1.2658,1.2625,1.2696,1.2708,1.2693,1.2739,1.2718,1.2638,1.2655,1.2762,1.2795,1.2846,1.2825,1.2824
招商享利增强债券A,013548,fund,0.9665,0.9624,0.9607,0.9564,0.9557,0.9512,0.9573,0.9583,0.9603,0.9599,0.9577,0.9584,0.9570,0.9601,0.9620,0.9620,0.9532,0.9492,0.9502,0.9564,0.9549,0.9564,0.9653,0.9640,0.9594,0.9523,0.9550,0.9563,0.9542,0.9515,0.9494,0.9504,0.9471,0.9470,0.9450,0.9445,0.9396,0.9375,0.9373,0.9358,0.9386,0.9369,0.9363,0.9400,0.9458,0.9402,0.9434,0.9418,0.9458,0.9418,0.9391,0.9400,0.9415,0.9401,0.9379,0.9388,0.9439,0.9429,0.9403,0.9507,0.9541,0.9668,0.9798,0.9999,1.0170,0.9948,0.9965,0.9854,0.9977,0.9935,0.9932,0.9928,1.0036,1.0048,1.0054,1.0051,1.0017,1.0055,1.0097,1.0072,1.0046,1.0042,1.0003,1.0054,1.0119,1.0116,1.0176,1.0176,1.0248,1.0220,1.0237,1.0173,1.0165,1.0142,1.0179,1.0201,1.0192,1.0162,1.0140,1.0146,1.0205,1.0202,1.0233,1.0244,1.0245,1.0220,1.0237,1.0297,1.0306,1.0392,1.0421,1.0445,1.0415,1.0369,1.0343,1.0346,1.0332,1.0361,1.0342,1.0374,1.0327,1.0329,1.0357,1.0365,1.0350,1.0309,1.0278,1.0233,1.0259,1.0243,1.0234,1.0195,1.0178,1.0269,1.0265,1.0263,1.0296,1.0298,1.0305,1.0282,1.0277,1.0331,1.0331,1.0301,1.0325,1.0369,1.0394,1.0396,1.0429,1.0418,1.0454,1.0425,1.0372,1.0400,1.0397,1.0398,1.0378,1.0366,1.0413,1.0443,1.0418,1.0404,1.0436,1.0443,1.0464,1.0465,1.0447,1.0447,1.0463,1.0458,1.0516,1.0490,1.0494,1.0484,1.0463,1.0417,1.0425,1.0441,1.0444,1.0453,1.0415,1.0406,1.0425,1.0444,1.0418,1.0212,1.0277,1.0328,1.0382,1.0363,1.0376,1.0354,1.0338,1.0350,1.0335,1.0362,1.0323,1.0328,1.0309,1.0333,1.0321,1.0345,1.0351,1.0403,1.0398,1.0422,1.0404,1.0470,1.0480,1.0475,1.0438,1.0436,1.0446,1.0452,1.0462,1.0467,1.0427,1.0434,1.0438,1.0444,1.0466,1.0451,1.0455,1.0462,1.0478,1.0485,1.0506,1.0498,1.0515,1.0514,1.0494,1.0499,1.0507,1.0513,1.0491,1.0492,1.0510,1.0526,1.0549,1.0547,1.0551,1.0555,1.0557,1.0555,1.0566,1.0562,1.0557,1.0568,1.0561,1.0569,1.0567,1.0551,1.0540,1.0544,1.0558,1.0560,1.0582,1.0596,1.0583,1.0596,1.0590,1.0596,1.0598,1.0589,1.0573,1.0578,1.0596,1.0611,1.0620,1.0626,1.0624
招商信用增强债券A,217023,fund,1.6108,1.6104,1.6102,1.6088,1.6094,1.6071,1.6090,1.6095,1.6118,1.6118,1.6112,1.6120,1.6116,1.6123,1.6131,1.6136,1.6109,1.6101,1.6099,1.6124,1.6125,1.6129,1.6172,1.6175,1.6162,1.6129,1.6140,1.6142,1.6133,1.6121,1.6103,1.6109,1.6100,1.6103,1.6098,1.6104,1.6083,1.6078,1.6066,1.6058,1.6064,1.6050,1.6052,1.6071,1.6093,1.6079,1.6094,1.6091,1.6104,1.6085,1.6083,1.6089,1.6095,1.6089,1.6080,1.6084,1.6098,1.6090,1.6083,1.6121,1.6140,1.6182,1.6234,1.6335,1.6433,1.6294,1.6309,1.6273,1.6338,1.6318,1.6304,1.6305,1.6373,1.6391,1.6385,1.6390,1.6378,1.6410,1.6429,1.6389,1.6383,1.6413,1.6375,1.6422,1.6488,1.6490,1.6501,1.6524,1.6584,1.6545,1.6546,1.6478,1.6438,1.6401,1.6455,1.6468,1.6466,1.6407,1.6403,1.6406,1.6443,1.6436,1.6473,1.6522,1.6517,1.6501,1.6532,1.6547,1.6552,1.6603,1.6623,1.6637,1.6610,1.6587,1.6554,1.6561,1.6563,1.6598,1.6566,1.6582,1.6547,1.6579,1.6593,1.6590,1.6554,1.6514,1.6493,1.6480,1.6501,1.6491,1.6494,1.6468,1.6467,1.6525,1.6514,1.6517,1.6534,1.6535,1.6547,1.6542,1.6529,1.6556,1.6554,1.6563,1.6604,1.6629,1.6647,1.6660,1.6670,1.6660,1.6664,1.6648,1.6624,1.6660,1.6661,1.6687,1.6674,1.6651,1.6679,1.6671,1.6621,1.6622,1.6653,1.6662,1.6689,1.6689,1.6677,1.6683,1.6691,1.6673,1.6714,1.6703,1.6713,1.6712,1.6714,1.6680,1.6682,1.6691,1.6703,1.6700,1.6689,1.6673,1.6689,1.6698,1.6678,1.6505,1.6486,1.6537,1.6587,1.6607,1.6628,1.6622,1.6591,1.6614,1.6614,1.6668,1.6648,1.6656,1.6651,1.6649,1.6629,1.6646,1.6654,1.6720,1.6732,1.6753,1.6735,1.6785,1.6781,1.6785,1.6759,1.6761,1.6783,1.6815,1.6828,1.6819,1.6822,1.6828,1.6809,1.6808,1.6832,1.6807,1.6826,1.6838,1.6842,1.6856,1.6875,1.6868,1.6880,1.6892,1.6870,1.6873,1.6872,1.6868,1.6840,1.6836,1.6856,1.6866,1.6879,1.6872,1.6892,1.6912,1.6926,1.6930,1.6941,1.6932,1.6932,1.6946,1.6933,1.6934,1.6943,1.6946,1.6941,1.6947,1.6967,1.6976,1.7001,1.7007,1.6996,1.7000,1.6998,1.7001,1.6999,1.7011,1.6991,1.6997,1.7029,1.7043,1.7062,1.7061,1.7056
招商中证有色金属矿业主题ETF,159690,fund,0.9803,0.9689,0.9694,0.9634,0.9890,0.9815,1.0007,0.9866,1.0234,1.0050,1.0157,1.0267,1.0009,1.0018,0.9835,0.9745,0.9284,0.9234,0.8998,0.9187,0.9188,0.9109,0.9448,0.9421,0.9279,0.9065,0.9050,0.9061,0.8972,0.9005,0.9009,0.9068,0.8954,0.9031,0.9019,0.9179,0.9100,0.9211,0.9079,0.9030,0.9142,0.9025,0.8962,0.9040,0.9042,0.8838,0.8868,0.8673,0.8676,0.8633,0.8464,0.8446,0.8551,0.8523,0.8508,0.8563,0.8807,0.8936,0.8938,0.9268,0.9384,0.9710,1.0091,1.0842,1.1091,1.0204,1.0390,1.0197,1.0498,1.0133,1.0239,1.0081,1.0317,1.0607,1.0668,1.0678,1.0522,1.0566,1.0634,1.0477,1.0382,1.0342,1.0658,1.0720,1.1050,1.1148,1.1126,1.0995,1.1030,1.0858,1.0929,1.0582,1.0407,1.0247,1.0610,1.0652,1.0704,1.0433,1.0404,1.0265,1.0350,1.0207,1.0329,1.0430,1.0408,1.0415,1.0337,1.0418,1.0429,1.0442,1.0570,1.0641,1.0323,1.0150,1.0077,1.0040,0.9992,0.9936,0.9906,0.9994,0.9865,0.9907,0.9864,0.9903,0.9649,0.9578,0.9635,0.9705,0.9910,0.9771,0.9820,0.9792,1.0001,1.0138,1.0018,1.0203,1.0234,1.0156,1.0121,1.0132,1.0046,1.0148,1.0108,1.0265,1.0369,1.0484,1.0536,1.0521,1.0463,1.0401,1.0476,1.0221,1.0152,1.0212,1.0250,1.0203,1.0184,1.0085,1.0123,1.0074,0.9945,1.0198,1.0255,1.0324,1.0476,1.0610,1.0740,1.0785,1.0771,1.0832,1.1001,1.0878,1.1041,1.1057,1.1009,1.0757,1.0922,1.0956,1.0906,1.0794,1.0787,1.0714,1.0719,1.0612,1.0457,0.9598,0.9562,0.9701,1.0037,1.0145,1.0387,1.0327,1.0350,1.0279,1.0246,1.0670,1.0630,1.0412,1.0359,1.0365,1.0304,1.0287,1.0248,1.0495,1.0525,1.0452,1.0412,1.0498,1.0529,1.0615,1.0490,1.0476,1.0421,1.0462,1.0711,1.0593,1.0609,1.0611,1.0403,1.0401,1.0433,1.0353,1.0519,1.0667,1.0617,1.0743,1.0767,1.0764,1.0968,1.1092,1.1130,1.1063,1.1073,1.1039,1.0865,1.0793,1.0901,1.0940,1.1031,1.1078,1.1272,1.1276,1.1442,1.1529,1.1580,1.1409,1.1308,1.1427,1.1178,1.1322,1.1542,1.1634,1.1508,1.1463,1.1514,1.1813,1.2150,1.2429,1.2421,1.2807,1.2814,1.2771,1.2757,1.2678,1.2225,1.2163,1.2380,1.2426,1.2565,1.2747,1.2941
广发上海金ETF联接A,008986,fund,1.2088,1.2108,1.2171,1.2235,1.2262,1.2297,1.2238,1.2292,1.2336,1.2400,1.2396,1.2516,1.2657,1.2652,1.2351,1.2351,1.2290,1.2420,1.2148,1.2186,1.2268,1.2272,1.2379,1.2473,1.2527,1.2245,1.2135,1.2168,1.2169,1.2265,1.2350,1.2443,1.2408,1.2387,1.2402,1.2521,1.2531,1.2572,1.2537,1.2500,1.2563,1.2568,1.2552,1.2560,1.2550,1.2472,1.2493,1.2419,1.2487,1.2522,1.2442,1.2519,1.2578,1.2559,1.2738,1.2728,1.2706,1.2821,1.2930,1.2922,1.3006,1.3028,1.3029,1.2968,1.2953,1.2798,1.2842,1.2978,1.3095,1.3101,1.3274,1.3332,1.3429,1.3571,1.3585,1.3652,1.3542,1.3539,1.3590,1.3686,1.3830,1.3781,1.3652,1.3558,1.3551,1.3552,1.3256,1.3355,1.3362,1.3149,1.3122,1.2876,1.2887,1.3032,1.3221,1.3244,1.3376,1.3529,1.3378,1.3198,1.3323,1.3248,1.3352,1.3271,1.3386,1.3370,1.3374,1.3320,1.3386,1.3438,1.3551,1.3635,1.3527,1.3400,1.3393,1.3378,1.3280,1.3287,1.3413,1.3370,1.3390,1.3411,1.3420,1.3372,1.3368,1.3487,1.3596,1.3538,1.3546,1.3599,1.3666,1.3761,1.3804,1.3710,1.3761,1.3811,1.3851,1.3826,1.3826,1.3942,1.3955,1.4011,1.3964,1.4464,1.4460,1.4468,1.4661,1.4816,1.4725,1.4782,1.4860,1.4629,1.4751,1.4850,1.4895,1.4788,1.4821,1.4818,1.4695,1.4634,1.4531,1.4533,1.4624,1.4736,1.4712,1.4688,1.4725,1.4644,1.4690,1.4798,1.5019,1.5042,1.5139,1.5300,1.5334,1.5265,1.5264,1.5246,1.5292,1.5322,1.5578,1.5730,1.5874,1.5818,1.5929,1.5470,1.5510,1.5674,1.6007,1.6307,1.6427,1.6432,1.6793,1.6982,1.7016,1.7292,1.7797,1.6963,1.7084,1.6940,1.6779,1.6870,1.6788,1.7085,1.7216,1.6972,1.6930,1.6530,1.6466,1.6363,1.5862,1.6147,1.6233,1.6214,1.6703,1.6752,1.6738,1.6699,1.6569,1.6570,1.6413,1.6557,1.6807,1.6804,1.6821,1.6810,1.6620,1.6647,1.6695,1.6843,1.7043,1.7007,1.6846,1.6857,1.6779,1.6710,1.6764,1.6583,1.6609,1.6629,1.6457,1.6431,1.6605,1.6618,1.6731,1.6641,1.6522,1.6627,1.6434,1.6563,1.6579,1.6722,1.6706,1.6633,1.6625,1.6636,1.6740,1.6812,1.6980,1.6683,1.6645,1.6599,1.6530,1.6571,1.6505,1.6513,1.6729,1.6770,1.6793,1.6820,1.6876
广发中证稀有金属ETF发起式联接A,019874,fund,0.8891,0.8743,0.8726,0.8580,0.8684,0.8487,0.8540,0.8511,0.8848,0.8715,0.8700,0.8732,0.8595,0.8605,0.8616,0.8556,0.8204,0.8103,0.8128,0.8305,0.8200,0.8177,0.8469,0.8386,0.8300,0.8140,0.8240,0.8213,0.8174,0.8117,0.8077,0.8144,0.8010,0.8064,0.8037,0.8067,0.8027,0.8088,0.7940,0.7862,0.8025,0.7942,0.7984,0.8080,0.8234,0.8086,0.8208,0.8126,0.8157,0.8036,0.7995,0.7965,0.8151,0.8072,0.7895,0.7880,0.8035,0.8002,0.7982,0.8338,0.8386,0.8683,0.9233,1.0001,1.0549,0.9664,0.9683,0.9283,0.9491,0.9269,0.9267,0.9128,0.9384,0.9577,0.9681,0.9791,0.9615,0.9958,1.0015,0.9852,0.9788,0.9962,1.0379,1.0400,1.0810,1.0986,1.0993,1.0875,1.1139,1.1188,1.1294,1.0785,1.0432,1.0235,1.0685,1.0802,1.0800,1.0586,1.0607,1.0322,1.0427,1.0303,1.0472,1.0597,1.0574,1.0527,1.0472,1.0527,1.0451,1.0464,1.0503,1.0568,1.0273,1.0106,1.0031,1.0013,1.0006,1.0035,0.9864,0.9977,0.9794,0.9857,0.9862,0.9863,0.9594,0.9394,0.9295,0.9460,0.9635,0.9461,0.9538,0.9436,0.9599,0.9854,0.9824,0.9870,0.9927,0.9853,0.9758,0.9703,0.9689,0.9764,0.9668,0.9722,1.0041,1.0070,1.0102,0.9972,1.0081,0.9977,1.0004,0.9921,0.9812,0.9975,1.0014,1.0055,1.0073,1.0042,1.0125,1.0130,0.9982,1.0280,1.0267,1.0174,1.0338,1.0413,1.0544,1.0673,1.0578,1.0571,1.0675,1.0601,1.0630,1.0570,1.0491,1.0279,1.0361,1.0385,1.0414,1.0308,1.0211,1.0057,1.0136,1.0127,1.0051,0.9235,0.9289,0.9448,0.9597,0.9600,0.9709,0.9648,0.9555,0.9500,0.9487,0.9656,0.9618,0.9685,0.9657,0.9660,0.9575,0.9575,0.9575,0.9869,0.9857,0.9902,0.9859,1.0012,0.9950,1.0067,0.9980,0.9972,0.9896,0.9934,0.9981,0.9851,0.9827,0.9840,0.9759,0.9705,0.9806,0.9702,0.9782,1.0002,1.0025,1.0068,1.0177,1.0139,1.0414,1.0419,1.0351,1.0384,1.0375,1.0233,1.0096,1.0052,1.0204,1.0367,1.0433,1.0430,1.0571,1.0677,1.0688,1.0736,1.0815,1.0627,1.0623,1.0835,1.0675,1.0846,1.1141,1.1165,1.1025,1.0990,1.1148,1.1525,1.1791,1.1972,1.1984,1.2661,1.2766,1.2834,1.2817,1.2625,1.2230,1.2074,1.2151,1.2182,1.2243,1.2529,1.2672
招商中证红利低波动100指数发起式A,020672,fund,0.9859,0.9887,0.9860,0.9782,0.9749,0.9674,0.9769,0.9682,0.9757,0.9783,0.9822,0.9788,0.9807,0.9837,0.9793,0.9698,0.9609,0.9605,0.9607,0.9615,0.9632,0.9617,0.9744,0.9729,0.9697,0.9616,0.9616,0.9614,0.9670,0.9647,0.9628,0.9656,0.9585,0.9665,0.9643,0.9722,0.9629,0.9553,0.9537,0.9556,0.9568,0.9549,0.9504,0.9386,0.9408,0.9375,0.9343,0.9293,0.9310,0.9252,0.9136,0.9123,0.8984,0.8989,0.8968,0.9015,0.9083,0.9065,0.9121,0.9467,0.9625,0.9984,1.0142,1.0853,1.1159,1.0371,1.0633,1.0457,1.0710,1.0471,1.0632,1.0476,1.0596,1.0511,1.0576,1.0617,1.0558,1.0589,1.0658,1.0509,1.0449,1.0469,1.0511,1.0619,1.0791,1.0769,1.1053,1.0902,1.0846,1.0786,1.0825,1.0687,1.0617,1.0759,1.0773,1.0795,1.0801,1.0503,1.0527,1.0523,1.0624,1.0614,1.0678,1.0755,1.0846,1.0822,1.0813,1.0940,1.0944,1.0953,1.1003,1.1097,1.0895,1.0966,1.0932,1.0977,1.0892,1.0817,1.0829,1.0942,1.1000,1.0935,1.0993,1.1042,1.0977,1.0751,1.0670,1.0717,1.0674,1.0685,1.0543,1.0424,1.0340,1.0487,1.0487,1.0549,1.0548,1.0521,1.0458,1.0373,1.0465,1.0526,1.0650,1.0463,1.0473,1.0536,1.0532,1.0595,1.0592,1.0595,1.0604,1.0603,1.0592,1.0586,1.0544,1.0508,1.0525,1.0438,1.0528,1.0602,1.0540,1.0533,1.0547,1.0585,1.0571,1.0578,1.0559,1.0631,1.0573,1.0605,1.0694,1.0719,1.0706,1.0724,1.0684,1.0677,1.0723,1.0801,1.0795,1.0792,1.0740,1.0710,1.0792,1.0805,1.0847,1.0218,1.0494,1.0510,1.0567,1.0513,1.0556,1.0610,1.0668,1.0666,1.0679,1.0639,1.0719,1.0659,1.0739,1.0731,1.0736,1.0699,1.0622,1.0642,1.0722,1.0736,1.0796,1.0811,1.0874,1.0929,1.0903,1.0836,1.0872,1.0892,1.0951,1.0944,1.0868,1.0803,1.0824,1.0856,1.0857,1.0880,1.0911,1.0947,1.0893,1.0910,1.0931,1.0946,1.0975,1.0975,1.0902,1.0890,1.0896,1.0884,1.0824,1.0871,1.0872,1.0913,1.0972,1.0983,1.0932,1.0907,1.0975,1.1054,1.1051,1.1116,1.1170,1.1182,1.1233,1.1316,1.1270,1.1333,1.1224,1.1223,1.1217,1.1274,1.1384,1.1539,1.1482,1.1500,1.1416,1.1344,1.1318,1.1355,1.1180,1.1184,1.1218,1.1300,1.1297,1.1310,1.1336
招商恒生港股通高股息低波动ETF,520550,fund,,,,,,,,,,,,,,,,,,,,,,,,,,,,,,,,,,,,,,,,,,,,,,,,,,,,,,,,,,,,,,,,,,,,,,,,,,,,,,,,,,,,,,,,,,,,,,,,,,,,,,,,,,,,,,,,,,,,,,,,,,,,,,,,,,,,,,,1.0000,,0.9927,,,,0.9832,0.9892,0.9976,0.9875,0.9967,0.9927,0.9940,0.9870,1.0059,0.9930,1.0056,1.0176,1.0188,1.0161,1.0146,1.0198,1.0257,1.0129,1.0365,1.0356,1.0119,1.0175,1.0156,1.0375,1.0469,1.0476,1.0450,1.0512,1.0498,1.0504,1.0544,1.0637,1.0773,1.0801,1.0711,1.0589,1.0591,1.0508,1.0514,1.0565,1.0480,1.0415,1.0516,1.0574,1.0464,0.9511,0.9631,0.9657,0.9794,0.9881,1.0102,1.0148,1.0076,1.0106,1.0100,1.0101,1.0202,1.0272,1.0248,1.0244,1.0345,1.0310,1.0352,1.0451,1.0526,1.0539,1.0638,1.0813,1.0798,1.0934,1.0877,1.0826,1.0870,1.0941,1.1008,1.0956,1.0966,1.0928,1.0966,1.1006,1.1029,1.0944,1.1074,1.1106,1.1120,1.1152,1.1208,1.1303,1.1419,1.1421,1.1510,1.1563,1.1537,1.1529,1.1341,1.1456,1.1558,1.1682,1.1766,1.1720,1.1662,1.1571,1.1562,1.1780,1.1803,1.1846,1.1866,1.1873,1.1813,1.1926,1.1925,1.2008,1.1988,1.1977,1.1942,1.2018,1.2171,1.2272,1.2338,1.2431,1.2434,1.2423,1.2420,1.2375,1.2179,1.2031,1.2097,1.2226,1.2241,1.2358,1.2332
招商中证银行指数A,161723,fund,1.4259,1.4457,1.4340,1.4364,1.4109,1.4169,1.4309,1.4357,1.4287,1.4549,1.4659,1.4632,1.4715,1.4703,1.4683,1.4488,1.4601,1.4599,1.4488,1.4303,1.4471,1.4421,1.4386,1.4412,1.4359,1.4256,1.4127,1.4147,1.4173,1.4228,1.4207,1.4260,1.4253,1.4413,1.4563,1.4803,1.4841,1.4747,1.4856,1.4925,1.4939,1.4974,1.4875,1.4453,1.4167,1.4212,1.3996,1.3955,1.3934,1.3958,1.3744,1.3831,1.3554,1.3637,1.3602,1.3719,1.3719,1.3806,1.3993,1.4505,1.4757,1.5221,1.5100,1.5713,1.6113,1.5258,1.5799,1.5657,1.6105,1.5811,1.6163,1.5957,1.6022,1.5845,1.5844,1.5893,1.5865,1.5785,1.5669,1.5673,1.5508,1.5423,1.5568,1.5676,1.5780,1.5662,1.5946,1.5753,1.5560,1.5427,1.5515,1.5543,1.5495,1.5767,1.5729,1.5662,1.5645,1.5345,1.5366,1.5493,1.5633,1.5610,1.5610,1.5559,1.5772,1.5794,1.5767,1.5928,1.5970,1.6126,1.5961,1.6139,1.5855,1.5987,1.5955,1.6117,1.5985,1.5969,1.6201,1.6390,1.6546,1.6514,1.6506,1.6690,1.6529,1.6213,1.6113,1.6225,1.6318,1.6438,1.6319,1.6255,1.6091,1.6280,1.6397,1.6530,1.6436,1.6384,1.6381,1.6133,1.6479,1.6513,1.6715,1.6472,1.6476,1.6431,1.6448,1.6581,1.6695,1.6705,1.6766,1.6723,1.6879,1.6812,1.6793,1.6608,1.6499,1.6386,1.6459,1.6643,1.6552,1.6550,1.6526,1.6773,1.6690,1.6710,1.6575,1.6686,1.6644,1.6723,1.6906,1.6952,1.6936,1.7141,1.7057,1.6878,1.7006,1.7071,1.6856,1.6924,1.6875,1.6919,1.6838,1.6971,1.7010,1.6320,1.6558,1.6429,1.6522,1.6561,1.6648,1.6868,1.7018,1.7029,1.7167,1.6979,1.7078,1.7004,1.7177,1.7119,1.7261,1.7211,1.6899,1.6878,1.7095,1.7258,1.7475,1.7497,1.7732,1.7858,1.7840,1.7694,1.7642,1.7672,1.7781,1.7935,1.7782,1.7664,1.7746,1.7725,1.7692,1.7790,1.8098,1.8107,1.7997,1.8047,1.8089,1.8167,1.8215,1.8296,1.8154,1.8359,1.8328,1.8471,1.8448,1.8644,1.8847,1.8913,1.9084,1.9264,1.8783,1.8731,1.8984,1.9109,1.9103,1.9417,1.9487,1.9444,1.9500,1.9696,1.9388,1.9493,1.9327,1.9256,1.9207,1.9313,1.9181,1.9011,1.9077,1.8838,1.8808,1.8818,1.8618,1.8723,1.8636,1.8675,1.8799,1.9063,1.9039,1.9108,1.9058
招商中证畜牧养殖ETF联接A,014414,fund,0.8170,0.8088,0.8049,0.7863,0.7941,0.7890,0.7742,0.7805,0.7880,0.7800,0.7963,0.8008,0.8060,0.8065,0.8091,0.8011,0.7778,0.7648,0.7712,0.7740,0.7654,0.7702,0.7932,0.7862,0.7935,0.7874,0.7938,0.7807,0.7888,0.7783,0.7840,0.7883,0.7749,0.7753,0.7620,0.7562,0.7408,0.7286,0.7206,0.7175,0.7244,0.7128,0.7152,0.7175,0.7262,0.7159,0.7207,0.7131,0.7186,0.7099,0.7088,0.7018,0.6959,0.6891,0.6840,0.6697,0.6838,0.6765,0.6736,0.7067,0.7092,0.7446,0.7830,0.8483,0.8610,0.7839,0.8004,0.7722,0.7833,0.7661,0.7638,0.7521,0.7686,0.7780,0.7940,0.7946,0.7892,0.7985,0.8175,0.7976,0.8035,0.7994,0.7984,0.8111,0.8213,0.8290,0.8520,0.8392,0.8376,0.8361,0.8300,0.8115,0.8023,0.7974,0.8049,0.8104,0.8141,0.7887,0.7913,0.7945,0.8010,0.7979,0.8086,0.8200,0.8297,0.8174,0.8143,0.8169,0.8106,0.8211,0.8352,0.8506,0.8403,0.8313,0.8177,0.8118,0.8124,0.8090,0.7968,0.8030,0.7967,0.7928,0.8068,0.8005,0.7884,0.7734,0.7570,0.7594,0.7614,0.7535,0.7486,0.7377,0.7416,0.7598,0.7572,0.7576,0.7639,0.7625,0.7568,0.7549,0.7564,0.7612,0.7665,0.7618,0.7635,0.7653,0.7655,0.7618,0.7626,0.7740,0.7764,0.7757,0.7659,0.7756,0.7705,0.7683,0.7741,0.7614,0.7668,0.7654,0.7635,0.7704,0.7770,0.7702,0.7741,0.7751,0.7772,0.7918,0.7845,0.7850,0.7927,0.7985,0.7974,0.7982,0.7925,0.7874,0.7876,0.7953,0.8053,0.8051,0.7962,0.7851,0.7942,0.7933,0.8098,0.7927,0.8488,0.8502,0.8522,0.8287,0.8343,0.8325,0.8258,0.8259,0.8154,0.8200,0.8290,0.8150,0.8211,0.8176,0.8102,0.8136,0.8109,0.8163,0.8168,0.8154,0.8132,0.8119,0.8119,0.8209,0.8211,0.8174,0.8222,0.8315,0.8290,0.8228,0.8160,0.8202,0.8228,0.8160,0.8191,0.8297,0.8433,0.8472,0.8325,0.8346,0.8447,0.8427,0.8562,0.8485,0.8418,0.8354,0.8350,0.8272,0.8196,0.8194,0.8203,0.8280,0.8299,0.8262,0.8276,0.8293,0.8335,0.8394,0.8441,0.8452,0.8444,0.8458,0.8502,0.8506,0.8540,0.8550,0.8471,0.8541,0.8592,0.8596,0.8756,0.8914,0.8866,0.8848,0.8845,0.8826,0.8734,0.8789,0.8641,0.8641,0.8684,0.8759,0.8786,0.8765,0.8822
招商中证机器人指数型发起式A,020481,fund,0.9965,0.9866,0.9749,0.9664,0.9663,0.9371,0.9583,0.9572,0.9746,0.9632,0.9415,0.9505,0.9398,0.9460,0.9518,0.9544,0.9230,0.9063,0.9015,0.9199,0.9099,0.9120,0.9557,0.9513,0.9306,0.9039,0.9118,0.9107,0.9069,0.8999,0.8919,0.8939,0.8861,0.8947,0.8953,0.8890,0.8771,0.8774,0.8616,0.8670,0.8732,0.8606,0.8689,0.8893,0.9030,0.8798,0.8954,0.8931,0.8986,0.8815,0.8754,0.8851,0.8898,0.8855,0.8745,0.8789,0.8896,0.8859,0.8835,0.9170,0.9170,0.9533,1.0083,1.1195,1.2342,1.1369,1.1163,1.0544,1.0790,1.0579,1.0469,1.0498,1.1042,1.1197,1.1190,1.1120,1.0995,1.1189,1.1293,1.1176,1.1136,1.1150,1.0804,1.1340,1.1765,1.1968,1.2018,1.2079,1.2577,1.2272,1.2437,1.2061,1.1826,1.1366,1.1841,1.2179,1.2121,1.1687,1.1718,1.1407,1.1654,1.1500,1.2109,1.2463,1.2427,1.2579,1.2758,1.2829,1.2863,1.3322,1.3200,1.3090,1.2816,1.2632,1.2312,1.2417,1.2514,1.2685,1.2255,1.2437,1.2334,1.2559,1.2369,1.2354,1.1960,1.1730,1.1325,1.1258,1.1507,1.1682,1.1792,1.1732,1.1760,1.2498,1.2418,1.2433,1.2443,1.2428,1.2752,1.2603,1.2633,1.2930,1.2564,1.3062,1.3769,1.3795,1.3854,1.3875,1.4010,1.3665,1.3734,1.4032,1.3793,1.4573,1.4790,1.5330,1.5303,1.5391,1.5578,1.5480,1.4445,1.4277,1.4594,1.4790,1.5152,1.5156,1.5257,1.5181,1.5042,1.4496,1.4802,1.4850,1.5031,1.4978,1.4864,1.4398,1.4311,1.4066,1.4195,1.4127,1.3992,1.3794,1.3679,1.3829,1.3543,1.1847,1.1666,1.1981,1.2323,1.2502,1.2565,1.2493,1.2349,1.2297,1.2298,1.2621,1.2515,1.2886,1.2765,1.2828,1.2636,1.2818,1.3189,1.3494,1.3484,1.3586,1.3391,1.3747,1.3634,1.3606,1.3371,1.3419,1.3343,1.3390,1.3287,1.3174,1.3037,1.3074,1.2891,1.2869,1.3019,1.2758,1.2772,1.2856,1.3036,1.2960,1.3002,1.2828,1.2875,1.2871,1.2692,1.2699,1.2644,1.2715,1.2620,1.2391,1.2451,1.2871,1.3073,1.2996,1.2970,1.3145,1.3090,1.2943,1.2987,1.2855,1.2731,1.2909,1.2884,1.2830,1.3009,1.3221,1.3270,1.3391,1.3544,1.3545,1.3703,1.3634,1.3554,1.3739,1.3878,1.3880,1.3912,1.3728,1.3697,1.3699,1.4019,1.4168,1.4574,1.4489,1.4306
招商中证半导体产业ETF发起式联接A,020464,fund,1.1429,1.1261,1.1435,1.1275,1.1252,1.1266,1.1607,1.1529,1.1527,1.1721,1.1842,1.2112,1.2135,1.2330,1.2455,1.2432,1.1894,1.1717,1.1630,1.1793,1.1630,1.1758,1.2198,1.2252,1.2057,1.1475,1.1504,1.1414,1.1536,1.1476,1.1428,1.1510,1.1287,1.1342,1.1336,1.1284,1.1160,1.1114,1.0935,1.0795,1.0800,1.0727,1.0790,1.0905,1.1234,1.0818,1.0879,1.0826,1.0828,1.0634,1.0604,1.0724,1.0706,1.0588,1.0450,1.0457,1.0472,1.0374,1.0169,1.0537,1.0544,1.0953,1.1734,1.3083,1.3980,1.3945,1.3553,1.2972,1.3295,1.3087,1.2863,1.2873,1.4341,1.4555,1.4363,1.4159,1.4178,1.4302,1.4165,1.4143,1.4003,1.4384,1.3979,1.4394,1.4913,1.4975,1.5499,1.5827,1.6807,1.6425,1.6382,1.5842,1.5070,1.4894,1.5299,1.5230,1.5305,1.4742,1.4573,1.4451,1.4787,1.4723,1.5066,1.5152,1.4842,1.4801,1.4720,1.4921,1.4677,1.4805,1.4589,1.4676,1.4305,1.3991,1.3920,1.4125,1.4274,1.4720,1.4544,1.4760,1.4728,1.4809,1.4785,1.4762,1.4203,1.3597,1.3424,1.3400,1.3816,1.3720,1.3752,1.3687,1.3728,1.4264,1.4166,1.4086,1.4291,1.4231,1.4297,1.4173,1.4041,1.4114,1.3813,1.4122,1.4798,1.4760,1.4817,1.4646,1.5112,1.4787,1.4725,1.4949,1.4932,1.5623,1.5523,1.6088,1.6126,1.6036,1.6238,1.6119,1.5545,1.5319,1.5438,1.5539,1.6124,1.5978,1.5815,1.5679,1.5559,1.5213,1.5459,1.5385,1.5440,1.5243,1.5050,1.4805,1.4974,1.4802,1.4745,1.4920,1.4589,1.4582,1.4733,1.4677,1.4713,1.3821,1.3826,1.4509,1.4585,1.4988,1.4946,1.4780,1.4963,1.4903,1.4698,1.4830,1.4890,1.4807,1.4678,1.4709,1.4694,1.4792,1.4849,1.5122,1.5045,1.5006,1.4615,1.4649,1.4563,1.4682,1.4385,1.4342,1.4408,1.4427,1.4339,1.4264,1.4144,1.4254,1.4156,1.3965,1.4231,1.4012,1.4191,1.4206,1.4374,1.4383,1.4376,1.4079,1.4057,1.3872,1.4020,1.4027,1.3908,1.4020,1.4081,1.4102,1.4396,1.4560,1.4714,1.4633,1.4589,1.4837,1.4803,1.4515,1.4521,1.4635,1.4630,1.4763,1.4615,1.4541,1.4744,1.4595,1.4554,1.4573,1.4615,1.4741,1.4705,1.4807,1.5137,1.5352,1.5630,1.5578,1.5810,1.5637,1.5358,1.5154,1.5294,1.5318,1.5346,1.5357,1.5138
招商科技创新混合A,008655,fund,0.9958,0.9787,0.9681,0.9729,0.9700,0.9725,1.0179,1.0287,1.0224,1.0039,0.9938,1.0156,0.9849,0.9870,0.9749,0.9810,0.9571,0.9556,0.9267,0.9392,0.9503,0.9395,0.9657,0.9672,0.9280,0.8797,0.8939,0.8979,0.8907,0.9001,0.8997,0.9074,0.8972,0.8981,0.9132,0.9137,0.9048,0.9118,0.9123,0.9013,0.8910,0.8786,0.8772,0.8653,0.8903,0.8647,0.8699,0.8564,0.8493,0.8339,0.8345,0.8420,0.8448,0.8476,0.8595,0.8586,0.8497,0.8481,0.8449,0.8835,0.8851,0.9133,0.9518,1.0472,1.1528,1.1060,1.0939,1.0699,1.0993,1.0720,1.0400,1.0537,1.1375,1.1442,1.1640,1.1477,1.1535,1.1611,1.1543,1.1401,1.1409,1.1315,1.0935,1.1185,1.1532,1.1338,1.1524,1.1532,1.1787,1.1559,1.2037,1.1440,1.1040,1.0809,1.1072,1.1493,1.1372,1.1209,1.1158,1.0852,1.1076,1.0960,1.1188,1.1538,1.1369,1.1316,1.1586,1.1595,1.1653,1.1607,1.1912,1.2148,1.1945,1.1696,1.1607,1.1795,1.1791,1.1925,1.1768,1.1869,1.1868,1.2061,1.2261,1.2042,1.1836,1.1422,1.1386,1.1311,1.1540,1.1343,1.1430,1.1175,1.1007,1.1436,1.1331,1.1429,1.1600,1.1697,1.2077,1.2081,1.1819,1.2118,1.1788,1.2044,1.2548,1.2688,1.2695,1.2507,1.2741,1.2423,1.2757,1.2982,1.3050,1.3371,1.3221,1.3791,1.3515,1.3744,1.3997,1.3829,1.3135,1.3034,1.3137,1.3424,1.3791,1.3709,1.3461,1.3625,1.3500,1.3364,1.3499,1.3437,1.3630,1.3510,1.3311,1.3010,1.3095,1.2782,1.2921,1.3038,1.2944,1.2844,1.2973,1.2982,1.2856,1.1406,1.1677,1.1941,1.2148,1.2510,1.2706,1.2635,1.2430,1.2595,1.2454,1.2507,1.2601,1.2707,1.2682,1.2497,1.2658,1.2816,1.2867,1.3056,1.2805,1.2814,1.2869,1.3006,1.2977,1.3132,1.3098,1.3074,1.3081,1.3200,1.3245,1.3072,1.2958,1.2826,1.2766,1.2598,1.2773,1.2617,1.2856,1.3096,1.3145,1.3050,1.3176,1.3073,1.3186,1.2988,1.2876,1.2967,1.2778,1.2798,1.2591,1.2529,1.2660,1.2959,1.3127,1.2990,1.3023,1.3156,1.3096,1.2854,1.2868,1.2837,1.2843,1.3003,1.2806,1.2769,1.2863,1.2956,1.3203,1.3174,1.3333,1.3483,1.3435,1.3355,1.3456,1.3652,1.3981,1.3959,1.4124,1.3840,1.3928,1.3622,1.3927,1.4067,1.4190,1.4235,1.3914
